utc,equity_usd,realized_pnl_usd,unrealized_pnl_usd,open_positions,daily_pnl_usd
2026-07-27 07:59:06,68484.99,0.0,-170.59,9,0.0
2026-07-27 08:59:33,68451.04,0.0,-204.54,9,0.0
2026-07-27 09:59:59,68200.93,-161.69,-243.19,8,-161.69
2026-07-27 11:00:28,68200.67,-161.69,-243.44,8,-161.69
2026-07-27 12:00:50,68199.67,-214.87,-171.25,8,-214.87
2026-07-27 13:01:12,68133.63,-279.88,-140.87,6,-279.88
2026-07-27 14:02:09,68253.06,-279.88,-30.37,3,-279.88
2026-07-27 15:02:40,68292.96,-336.94,79.11,8,-336.94
2026-07-27 16:03:11,68293.82,-336.94,78.81,8,-336.94
2026-07-27 17:04:00,68254.97,-373.78,77.81,7,-373.78
2026-07-27 18:04:50,68202.09,-376.2,82.68,7,-376.2
2026-07-27 19:05:35,68187.65,-376.2,69.81,8,-376.2
2026-07-27 20:05:41,68030.65,-398.1,-65.62,7,-398.1
2026-07-27 21:05:57,68035.56,-398.1,-60.71,7,-398.1
2026-07-27 22:06:11,68052.21,-398.1,-44.06,7,-398.1
2026-07-27 23:06:26,68071.54,-417.36,-2.91,7,-417.36
2026-07-28 00:06:40,68065.59,-417.36,-8.86,7,0.0
2026-07-28 01:06:55,68144.28,-423.36,85.12,7,-6.0
2026-07-28 02:07:09,68156.08,-423.36,96.92,7,-6.0
2026-07-28 03:07:27,68191.17,-478.92,132.01,7,-61.57
2026-07-28 04:07:45,68113.35,-426.77,116.15,7,-9.41
2026-07-28 05:08:04,68077.04,-437.79,122.39,8,-20.44
2026-07-28 06:08:18,68090.02,-437.79,135.37,8,-20.44
2026-07-28 07:08:31,68083.18,-437.79,128.59,8,-20.44
2026-07-28 08:08:47,68155.25,-437.79,200.66,8,-20.44
2026-07-28 09:09:01,68137.81,-437.79,183.22,8,-20.44
2026-07-28 10:09:16,68185.69,-437.79,231.1,8,-20.44
2026-07-28 11:09:31,68286.46,-434.37,346.43,8,-17.01
2026-07-28 12:09:49,68220.6,-339.62,353.89,8,77.73
2026-07-28 13:10:02,68184.56,-339.62,318.13,8,77.73
2026-07-28 14:10:09,68628.29,-12.67,174.2,8,404.69
2026-07-28 15:10:24,68325.97,127.73,-269.27,8,545.09
2026-07-28 16:10:27,68048.45,-172.66,-221.24,8,244.69
2026-07-28 17:10:37,68068.76,-221.64,-149.94,7,195.72
2026-07-28 18:10:51,68056.21,-221.64,-163.05,8,195.72
2026-07-28 19:10:56,68042.17,-221.64,-175.37,8,195.72
2026-07-28 20:11:40,68109.69,-221.64,-109.38,8,195.72
2026-07-28 21:11:56,68091.58,-221.64,-127.78,8,195.72
2026-07-28 22:12:10,68164.77,-221.64,-54.43,8,195.72
2026-07-28 23:12:27,68350.44,-120.67,131.23,8,296.69
2026-07-29 00:12:42,68060.53,-120.67,-158.67,8,0.0
2026-07-29 01:13:06,68265.65,-120.67,44.89,8,0.0
2026-07-29 02:13:22,68314.39,-120.67,95.18,8,0.0
2026-07-29 03:13:41,68323.72,-127.04,132.53,8,-6.37
2026-07-29 04:14:01,68425.42,-127.04,234.23,8,-6.37
2026-07-29 05:14:15,68204.63,-127.04,13.45,8,-6.37
2026-07-29 06:14:36,68263.96,-127.04,72.78,8,-6.37
2026-07-29 07:14:50,68173.91,-127.04,-17.18,8,-6.37
2026-07-29 08:15:03,68254.68,-127.04,63.58,8,-6.37
2026-07-29 09:15:16,68134.89,-127.04,-56.2,8,-6.37
2026-07-29 10:15:28,68139.42,-127.04,-51.68,8,-6.37
2026-07-29 11:15:41,68176.38,-127.04,-14.71,8,-6.37
2026-07-29 12:16:15,68283.06,-127.04,92.16,8,-6.37
2026-07-29 13:16:31,68255.91,-127.04,64.81,8,-6.37
2026-07-29 14:16:57,68150.48,-299.02,-17.93,5,-178.35
2026-07-29 15:17:10,68073.72,-344.98,8.39,7,-224.31
2026-07-29 16:17:32,68213.47,-324.22,132.01,7,-203.55
2026-07-29 17:17:48,67883.23,-324.22,-204.26,7,-203.55
2026-07-29 18:18:48,67778.83,-506.26,-122.65,8,-385.59
2026-07-29 19:19:18,67549.41,-662.33,-197.83,8,-541.66
2026-07-29 20:19:36,67695.02,-821.1,109.05,5,-700.43
2026-07-29 21:19:55,67679.07,-821.1,93.09,5,-700.43
2026-07-29 22:20:09,67651.76,-821.1,65.78,5,-700.43
2026-07-29 23:20:23,67668.23,-821.1,82.25,5,-700.43
2026-07-30 00:20:42,67607.47,-821.1,21.49,5,0.0
2026-07-30 01:20:57,67603.46,-821.1,17.48,5,0.0
2026-07-30 02:21:14,67614.19,-877.9,34.29,6,-56.8
2026-07-30 03:21:35,67675.74,-877.9,95.84,6,-56.8
2026-07-30 04:21:54,67659.57,-868.66,99.42,6,-47.57
2026-07-30 05:22:11,67644.99,-868.66,103.13,9,-47.57
2026-07-30 06:22:24,67631.99,-868.66,90.14,9,-47.57
2026-07-30 07:22:37,67637.21,-880.68,132.06,8,-59.59
2026-07-30 08:22:53,67549.93,-880.68,72.28,8,-59.59
2026-07-30 09:23:07,67596.07,-880.68,118.42,8,-59.59
2026-07-30 10:23:21,67583.85,-857.14,93.19,7,-36.04
2026-07-30 11:23:35,67529.85,-857.14,40.8,7,-36.04
2026-07-30 12:23:54,67462.51,-857.14,-28.15,7,-36.04
2026-07-30 13:24:11,67425.24,-1073.83,-21.48,8,-252.73
2026-07-30 14:24:24,67400.35,-1038.45,97.18,8,-217.36
2026-07-30 15:24:32,67422.47,-1038.45,119.3,8,-217.36
2026-07-30 16:25:06,67450.4,-1038.45,146.75,8,-217.36
2026-07-30 17:25:57,67433.2,-1038.45,128.86,8,-217.36
2026-07-30 18:26:51,67489.88,-999.3,152.36,8,-178.21
2026-07-30 19:27:17,67514.85,-991.5,145.56,8,-170.41
2026-07-30 20:27:40,67498.22,-991.5,133.09,8,-170.41
2026-07-30 21:27:57,67493.1,-991.5,127.97,8,-170.41
2026-07-30 22:28:12,67585.0,-991.5,219.88,8,-170.41
2026-07-30 23:28:25,67599.35,-991.5,234.22,8,-170.41
2026-07-31 00:28:39,67620.09,-931.47,254.97,8,0.0
2026-07-31 01:28:55,67582.1,-931.47,216.97,8,0.0
2026-07-31 02:29:09,67624.61,-882.58,302.45,7,48.88
2026-07-31 03:29:23,67589.49,-882.58,267.33,7,48.88
2026-07-31 04:29:37,67581.55,-870.4,258.61,6,61.06
2026-07-31 05:29:51,67568.33,-864.95,264.69,5,66.52
2026-07-31 06:30:05,67533.71,-864.95,230.07,5,66.52
2026-07-31 07:30:23,67468.8,-861.46,198.36,8,70.01
2026-07-31 08:30:37,67465.39,-861.46,225.92,9,70.01
2026-07-31 09:30:54,67487.15,-869.33,249.7,8,62.14
2026-07-31 10:31:10,67444.68,-869.33,207.22,8,62.14
2026-07-31 11:31:22,67399.97,-869.33,162.52,8,62.14
2026-07-31 12:31:38,67403.29,-913.85,199.2,7,17.61
2026-07-31 13:32:05,67372.61,-920.63,47.87,6,10.84
2026-07-31 14:32:17,67245.65,-796.67,-36.59,8,134.79
2026-07-31 15:33:13,67154.22,-857.27,-47.84,7,74.19
2026-07-31 16:34:13,67129.59,-869.05,-60.95,6,62.41
2026-07-31 17:35:01,66998.57,-869.05,-193.56,6,62.41
2026-07-31 18:35:08,66904.53,-1075.13,-73.29,7,-143.67
2026-07-31 19:35:21,66892.03,-1075.13,-84.9,8,-143.67
2026-07-31 20:36:13,66871.11,-1228.09,68.86,6,-296.63
2026-07-31 21:36:29,66852.5,-1228.09,50.24,6,-296.63
2026-07-31 22:36:43,66819.1,-1228.09,16.83,6,-296.63
2026-07-31 23:36:57,66812.08,-1256.74,63.99,5,-325.28
2026-08-01 00:37:10,66792.41,-1256.74,44.31,5,0.0
2026-08-01 01:37:26,66770.35,-1272.93,44.31,5,-16.18
2026-08-01 02:37:40,66823.15,-1272.93,97.12,5,-16.18
2026-08-01 03:37:56,66808.38,-1270.26,97.12,5,-13.51
2026-08-01 04:38:10,66808.38,-1270.26,97.12,5,-13.51
2026-08-01 05:38:24,66808.38,-1270.26,97.12,5,-13.51
2026-08-01 06:38:38,66808.38,-1270.26,97.12,5,-13.51
2026-08-01 07:38:53,66808.38,-1270.26,97.12,5,-13.51
2026-08-01 08:39:06,66808.0,-1270.26,97.12,5,-13.51
2026-08-01 09:39:19,66808.0,-1270.26,97.12,5,-13.51
2026-08-01 10:39:33,66808.0,-1270.26,97.12,5,-13.51
2026-08-01 11:39:50,66808.0,-1270.26,97.12,5,-13.51
2026-08-01 12:40:04,66808.0,-1270.26,97.12,5,-13.51
2026-08-01 13:40:18,66808.0,-1270.26,97.12,5,-13.51
2026-08-01 14:40:34,66786.17,-1168.09,97.12,5,88.65
2026-08-01 15:40:53,66786.17,-1168.09,97.12,5,88.65
2026-08-01 16:41:09,66786.17,-1168.09,97.12,5,88.65
2026-08-01 17:41:22,66786.17,-1166.87,97.12,5,89.88
2026-08-01 18:41:38,66786.17,-1173.52,97.12,5,83.22
2026-08-01 19:41:52,66786.17,-1173.52,97.12,5,83.22
2026-08-01 20:42:09,66786.17,-1173.52,97.12,5,83.22
2026-08-01 21:42:24,66786.17,-1173.52,97.12,5,83.22
2026-08-01 22:42:40,66786.17,-1173.52,97.12,5,83.22
2026-08-01 23:43:02,66786.17,-1173.52,97.12,5,83.22
2026-08-02 00:43:16,66786.17,-1173.52,97.12,5,0.0
2026-08-02 01:43:30,66786.17,-1173.52,97.12,5,0.0
2026-08-02 02:43:43,66786.17,-1173.52,97.12,5,0.0
2026-08-02 03:44:01,66786.17,-1173.52,97.12,5,0.0
2026-08-02 04:44:15,66786.17,-1173.52,97.12,5,0.0
2026-08-02 05:44:27,66786.17,-1173.52,97.12,5,0.0
2026-08-02 06:44:40,66786.17,-1173.52,97.12,5,0.0
2026-08-02 07:44:56,66762.58,-1231.01,97.12,5,-57.49
2026-08-02 08:45:10,66747.6,-1231.01,88.15,6,-57.49
2026-08-02 09:45:23,66747.6,-1231.01,88.15,6,-57.49
2026-08-02 10:45:37,66747.6,-1231.01,88.15,6,-57.49
2026-08-02 11:45:50,66747.6,-1231.01,88.15,6,-57.49
2026-08-02 12:46:10,66757.55,-1231.01,98.11,6,-57.49
2026-08-02 13:46:24,66743.04,-1231.01,83.59,6,-57.49
2026-08-02 14:46:39,66742.41,-1231.01,82.96,6,-57.49
2026-08-02 15:46:53,66769.14,-1231.01,109.7,6,-57.49
2026-08-02 16:47:07,66755.93,-1231.01,102.52,7,-57.49
2026-08-02 17:47:22,66736.27,-1203.52,87.36,7,-30.0
2026-08-02 18:47:38,66536.68,-1308.0,87.36,7,-134.48
2026-08-02 19:47:52,66531.93,-1308.0,82.6,7,-134.48
2026-08-02 20:48:08,66541.27,-1280.76,80.1,6,-107.24
2026-08-02 21:48:24,66541.27,-1280.76,80.1,6,-107.24
2026-08-02 22:48:38,66556.11,-1280.76,94.94,6,-107.24
2026-08-02 23:48:57,66556.11,-1280.76,94.94,6,-107.24
2026-08-03 00:49:12,66705.74,-1280.76,244.57,6,0.0
2026-08-03 01:49:27,66800.67,-1280.76,339.5,6,0.0
2026-08-03 02:49:41,66790.67,-1278.02,340.33,6,2.73
2026-08-03 03:49:56,66791.34,-1318.59,384.73,5,-37.83
2026-08-03 04:50:10,66775.68,-1318.59,375.09,6,-37.83
2026-08-03 05:50:23,66765.02,-1318.59,364.43,6,-37.83
2026-08-03 06:50:41,66734.4,-1318.59,333.81,6,-37.83
2026-08-03 07:50:57,66739.24,-1318.59,338.65,6,-37.83
2026-08-03 08:51:19,66763.25,-1318.59,362.57,6,-37.83
2026-08-03 09:51:32,66804.49,-1318.59,403.9,6,-37.83
2026-08-03 10:51:51,66768.47,-1321.05,403.8,7,-40.29
2026-08-03 11:52:07,66685.15,-1310.79,349.4,8,-30.03
2026-08-03 12:52:23,66649.68,-1326.05,336.02,7,-45.3
2026-08-03 13:53:26,66656.55,-1326.05,-4.08,8,-45.3
2026-08-03 14:53:57,66453.02,-1389.49,-100.75,8,-108.73
2026-08-03 15:54:03,66521.74,-1465.24,58.25,8,-184.49
2026-08-03 16:55:05,66511.91,-1465.24,48.03,8,-184.49
2026-08-03 17:55:17,66598.49,-1428.89,98.28,7,-148.13
2026-08-03 18:56:27,66572.41,-1428.89,71.19,8,-148.13
2026-08-03 19:56:38,66463.19,-1428.89,-37.5,8,-148.13
2026-08-03 20:57:31,66470.78,-1428.89,-30.45,8,-148.13
2026-08-03 21:57:47,66492.89,-1428.89,-8.33,8,-148.13
2026-08-03 22:58:04,66525.68,-1428.89,24.45,8,-148.13
2026-08-03 23:58:19,66524.11,-1428.89,22.88,8,-148.13
2026-08-04 00:58:35,66425.35,-1428.89,-76.09,8,0.0
2026-08-04 01:58:51,66524.07,-1445.99,42.47,7,-17.11
2026-08-04 02:59:06,66535.61,-1445.99,54.01,7,-17.11
2026-08-04 03:59:24,66539.77,-1445.99,64.18,8,-17.11
2026-08-04 04:59:37,66548.71,-1445.99,73.12,8,-17.11
2026-08-04 05:59:50,66520.81,-1462.94,70.79,7,-34.06
2026-08-04 07:00:04,66508.9,-1462.94,58.87,7,-34.06
2026-08-04 08:00:22,66517.56,-1473.32,89.91,7,-44.44
2026-08-04 09:00:37,66497.36,-1473.32,71.36,8,-44.44
2026-08-04 10:00:52,66474.32,-1473.32,52.71,8,-44.44
2026-08-04 11:01:07,66526.55,-1473.32,104.95,8,-44.44
2026-08-04 12:01:27,66544.58,-1492.71,154.83,8,-63.83
2026-08-04 13:01:53,66504.99,-1473.9,109.53,7,-45.01
2026-08-04 14:02:05,66583.68,-1297.91,2.61,7,130.97
2026-08-04 15:03:09,66733.7,-1340.97,197.33,8,87.92
2026-08-04 16:04:18,66794.54,-1321.82,238.32,8,107.07
2026-08-04 17:05:16,66905.58,-1321.82,349.87,8,107.07
2026-08-04 18:05:29,66958.64,-1321.82,403.02,8,107.07
2026-08-04 19:06:07,66967.03,-1321.82,411.3,8,107.07
2026-08-04 20:06:14,66872.36,-1321.82,315.58,8,107.07
2026-08-04 21:06:48,66822.84,-1321.82,267.19,8,107.07
2026-08-04 22:07:15,66812.33,-1205.79,256.93,8,223.1
2026-08-04 23:07:36,66802.34,-1213.98,268.23,8,214.91
2026-08-05 00:07:56,66592.3,-1204.6,233.22,9,0.0
2026-08-05 01:08:10,66537.34,-1204.6,178.27,9,0.0
2026-08-05 02:08:24,66564.5,-1204.6,205.42,9,0.0
2026-08-05 03:08:43,66494.26,-1272.6,293.82,8,-67.99
2026-08-05 04:09:01,66505.5,-1272.6,305.05,8,-67.99
2026-08-05 05:09:17,66493.79,-1272.6,293.35,8,-67.99
2026-08-05 06:09:42,66575.49,-1236.11,375.04,8,-31.5
2026-08-05 07:09:58,66561.45,-1249.92,384.15,8,-45.32
2026-08-05 08:10:11,66526.86,-1249.92,349.75,8,-45.32
2026-08-05 09:10:26,66489.75,-1249.92,312.65,8,-45.32
2026-08-05 10:10:42,66524.87,-1249.92,347.76,8,-45.32
2026-08-05 11:11:00,66637.56,-1249.92,460.46,8,-45.32
2026-08-05 12:11:14,66731.78,-1249.92,554.67,8,-45.32
2026-08-05 13:11:32,66702.28,-1151.09,525.17,8,53.51
2026-08-05 14:11:59,66600.19,-1035.87,-65.42,8,168.74
2026-08-05 15:12:00,66342.84,-1300.73,13.46,5,-96.12
2026-08-05 16:13:06,66314.05,-1249.14,54.06,5,-44.53
2026-08-05 17:14:17,66358.34,-1174.44,63.57,3,30.16
2026-08-05 18:14:45,66352.9,-1174.44,57.98,3,30.16
2026-08-05 19:15:03,66361.44,-1174.44,66.4,3,30.16
2026-08-05 20:15:47,66336.75,-1174.44,41.83,3,30.16
2026-08-05 21:16:08,66339.25,-1174.44,44.33,3,30.16
2026-08-05 22:16:24,66340.77,-1174.44,45.5,3,30.16
2026-08-05 23:16:41,66340.4,-1174.44,45.48,3,30.16
2026-08-06 00:16:59,66333.3,-1174.44,38.38,3,0.0
2026-08-06 01:17:15,66298.28,-1174.44,9.32,4,0.0
2026-08-06 02:17:31,66307.19,-1171.07,24.62,3,3.38
2026-08-06 03:17:47,66313.64,-1171.07,31.07,3,3.38
2026-08-06 04:18:08,66324.12,-1171.07,41.55,3,3.38
2026-08-06 05:18:24,66324.7,-1171.07,42.14,3,3.38
2026-08-06 06:18:38,66314.75,-1171.07,32.18,3,3.38
2026-08-06 07:18:52,66320.59,-1171.07,38.02,3,3.38
2026-08-06 08:19:07,66309.27,-1171.07,27.65,3,3.38
2026-08-06 09:19:23,66310.93,-1171.07,29.31,3,3.38
2026-08-06 10:19:38,66331.26,-1171.07,49.64,3,3.38
2026-08-06 11:19:53,66332.72,-1171.07,51.1,3,3.38
2026-08-06 12:20:10,66360.16,-1171.07,78.54,3,3.38
2026-08-06 13:20:30,66376.11,-1109.04,94.49,3,65.4
2026-08-06 13:58:18,66408.39,0.0,6.65,7,0.0
2026-08-06 14:16:42,66365.18,0.0,-36.72,8,0.0
2026-08-06 14:23:34,66364.74,0.0,-36.31,8,0.0
2026-08-06 14:29:11,66316.24,0.0,-33.86,7,0.0
2026-08-06 14:34:42,66335.02,0.0,-15.19,8,0.0
2026-08-06 14:40:14,66308.56,0.0,-41.45,8,0.0
2026-08-06 14:41:47,66316.17,0.0,-33.9,8,0.0
2026-08-06 15:43:01,66314.04,-54.01,16.67,7,-54.01
2026-08-06 16:44:13,66260.86,-104.04,15.59,7,-104.04
2026-08-06 17:44:36,66308.62,-154.72,114.52,6,-154.72
2026-08-06 18:45:39,66365.35,-154.72,171.33,6,-154.72
2026-08-06 19:45:46,66374.82,-154.72,180.81,6,-154.72
2026-08-06 20:46:10,66324.66,-147.25,156.61,6,-147.25
2026-08-06 21:46:33,66321.64,-147.25,153.59,6,-147.25
2026-08-06 22:46:57,66334.31,-147.25,166.26,6,-147.25
2026-08-06 23:47:19,66341.38,-147.25,179.3,7,-147.25
2026-08-07 00:47:36,66352.99,-147.25,190.9,7,0.0
2026-08-07 01:47:54,66329.32,-156.34,186.68,7,-9.09
2026-08-07 02:48:11,66346.74,-174.86,204.1,7,-27.61
2026-08-07 03:48:34,66331.22,-174.86,188.58,7,-27.61
2026-08-07 04:48:48,66288.48,-174.86,145.84,7,-27.61
2026-08-07 05:49:03,66305.71,-174.86,163.06,7,-27.61
2026-08-07 06:49:18,66319.76,-124.82,148.98,6,22.43
2026-08-07 07:49:36,66340.71,-124.82,170.46,6,22.43
2026-08-07 08:49:50,66307.17,-124.82,136.91,6,22.43
2026-08-07 09:50:05,66306.14,-124.82,135.89,6,22.43
2026-08-07 10:50:19,66303.1,-124.82,132.85,6,22.43
2026-08-07 11:50:37,66329.75,-124.82,159.49,6,22.43
2026-08-07 12:50:54,66347.99,-24.35,177.74,6,122.9
2026-08-07 13:51:51,66431.62,76.57,163.72,6,223.82
2026-08-07 14:51:58,66374.05,166.08,21.64,5,313.33
2026-08-07 15:52:36,66442.15,166.08,89.26,7,313.33
2026-08-07 16:53:04,66326.27,120.83,18.33,6,268.08
2026-08-07 17:54:15,66308.99,92.63,35.58,7,239.88
2026-08-07 18:54:16,66284.45,92.63,16.79,8,239.88
2026-08-07 19:54:50,66375.18,60.21,137.38,8,207.46
2026-08-07 20:55:05,66347.1,47.68,123.84,7,194.93
2026-08-07 21:55:22,66350.46,47.68,127.2,7,194.93
2026-08-07 22:55:49,66309.69,47.68,86.43,7,194.93
2026-08-07 23:56:10,66338.95,47.68,115.69,7,194.93
2026-08-08 00:56:23,66324.59,47.68,101.33,7,0.0
2026-08-08 01:56:39,66360.22,47.68,136.96,7,0.0
2026-08-08 02:56:54,66375.95,47.68,152.69,7,0.0
2026-08-08 03:57:08,66364.3,47.68,147.03,8,0.0
2026-08-08 04:57:26,66382.69,46.36,185.01,8,-1.32
2026-08-08 05:57:40,66376.33,46.36,178.65,8,-1.32
2026-08-08 06:57:52,66372.93,46.36,175.25,8,-1.32
2026-08-08 07:58:04,66362.16,46.36,74251.75,8,-1.32
2026-08-08 08:58:18,66384.3,46.36,74273.89,8,-1.32
2026-08-08 09:58:32,66383.73,82.45,74259.85,7,34.77
2026-08-08 10:58:45,66389.3,82.45,74265.43,7,34.77
2026-08-08 11:59:37,66386.03,82.45,74262.16,7,34.77
2026-08-08 12:59:50,66364.02,82.45,74240.15,7,34.77
2026-08-08 14:00:03,66389.11,165.19,74265.24,7,117.51
2026-08-08 15:00:17,66387.46,207.69,74263.59,7,160.01
2026-08-08 16:00:31,66381.98,207.69,74258.11,7,160.01
2026-08-08 17:00:43,66388.02,207.69,74264.15,7,160.01
2026-08-08 18:00:58,66390.53,229.04,74247.47,6,181.36
2026-08-08 19:01:12,66370.95,239.29,136.05,5,191.61
2026-08-08 20:01:29,66348.13,239.29,119.21,6,191.61
2026-08-08 21:01:45,66330.29,239.29,107.35,7,191.61
2026-08-08 22:01:58,66328.7,239.29,105.76,7,191.61
2026-08-08 23:02:12,66304.35,239.29,93.38,9,191.61
2026-08-09 00:02:25,66278.78,239.29,67.81,9,0.0
2026-08-09 01:02:38,66270.74,239.29,65.74,10,0.0
2026-08-09 02:02:52,66296.92,239.29,91.92,10,0.0
2026-08-09 03:03:06,66244.03,230.43,55.0,9,-8.86
2026-08-09 04:03:19,66195.17,230.68,41.07,7,-8.61
2026-08-09 05:03:32,66208.99,230.68,54.89,7,-8.61
2026-08-09 06:03:45,66204.35,230.68,50.25,7,-8.61
2026-08-09 07:04:02,66232.43,230.68,78.33,7,-8.61
2026-08-09 08:04:15,66251.43,230.68,97.33,7,-8.61
2026-08-09 09:04:29,66251.37,230.68,97.27,7,-8.61
2026-08-09 10:04:43,66185.63,258.21,97.27,7,18.93
2026-08-09 11:04:57,66164.26,258.21,75.9,7,18.93
2026-08-09 12:05:08,66174.52,258.21,86.16,7,18.93
2026-08-09 13:05:20,66159.52,258.21,71.17,7,18.93
2026-08-09 14:05:34,66191.71,258.21,103.35,7,18.93
2026-08-09 15:05:50,66221.61,258.21,133.25,7,18.93
2026-08-09 16:06:03,66188.19,308.55,110.68,5,69.26
2026-08-09 17:06:16,66188.19,308.55,110.68,5,69.26
2026-08-09 18:06:27,66188.19,308.55,110.68,5,69.26
2026-08-09 19:06:40,66188.19,308.55,110.68,5,69.26
2026-08-09 20:06:56,66188.19,308.55,110.68,5,69.26
2026-08-09 21:07:08,66200.7,308.55,123.19,5,69.26
2026-08-09 22:07:26,66190.64,304.62,134.54,4,65.33
2026-08-09 23:07:39,66190.64,304.62,134.54,4,65.33
2026-08-10 00:07:53,66218.13,304.62,162.02,4,0.0
2026-08-10 01:08:08,66191.01,304.62,134.9,4,0.0
2026-08-10 02:08:22,66198.33,304.62,142.22,4,0.0
2026-08-10 03:08:37,66151.01,285.69,138.09,4,-18.93
2026-08-10 04:08:53,66152.27,285.69,139.35,4,-18.93
2026-08-10 05:09:06,66146.6,285.69,139.64,5,-18.93
2026-08-10 06:09:19,66180.82,285.69,173.86,5,-18.93
2026-08-10 07:09:33,66149.97,269.12,160.21,5,-35.51
2026-08-10 08:09:46,66122.28,269.12,132.52,5,-35.51
2026-08-10 09:10:02,66132.77,269.12,143.01,5,-35.51
2026-08-10 10:10:17,66109.28,269.12,119.51,5,-35.51
2026-08-10 11:10:32,66107.44,269.12,117.68,5,-35.51
2026-08-10 12:10:48,66075.99,269.12,86.23,5,-35.51
2026-08-10 13:11:04,66066.47,269.12,76.32,5,-35.51
2026-08-10 14:11:24,66144.36,242.73,11.38,8,-61.9
2026-08-10 15:12:12,66230.39,242.73,96.86,8,-61.9
2026-08-10 16:12:43,66326.05,306.39,127.42,8,1.76
2026-08-10 17:13:21,66296.83,272.43,152.17,8,-32.2
2026-08-10 18:14:23,66251.39,272.43,106.76,8,-32.2
2026-08-10 19:15:14,66268.87,238.08,157.62,7,-66.55
2026-08-10 20:15:44,66295.07,209.15,212.43,7,-95.48
2026-08-10 21:16:04,66244.24,143.58,161.61,7,-161.05
2026-08-10 22:16:23,66240.45,143.58,157.82,7,-161.05
2026-08-10 23:16:46,66231.76,143.58,149.12,7,-161.05
2026-08-11 00:17:04,66255.83,143.58,173.2,7,0.0
2026-08-11 01:17:21,66284.55,143.58,201.91,7,0.0
2026-08-11 02:17:35,66253.7,242.4,171.07,7,98.82
2026-08-11 03:17:50,66216.62,252.47,169.16,7,108.89
2026-08-11 04:18:04,66207.83,252.47,160.37,7,108.89
2026-08-11 05:18:18,66233.31,252.47,185.86,7,108.89
2026-08-11 06:18:37,66220.84,252.47,173.38,7,108.89
2026-08-11 07:18:54,66261.03,252.47,216.0,7,108.89
2026-08-11 08:19:10,66257.86,323.42,211.05,7,179.84
2026-08-11 09:19:25,66274.01,324.68,252.16,7,181.1
2026-08-11 10:19:44,66266.91,336.49,261.07,7,192.91
2026-08-11 11:20:02,66187.03,336.49,181.19,7,192.91
2026-08-11 12:20:31,66118.37,344.52,129.93,7,200.94
2026-08-11 13:20:59,66067.4,344.52,78.97,7,200.94
2026-08-11 14:21:29,66113.97,337.52,53.15,5,193.94
2026-08-11 15:21:42,65987.78,302.87,-0.9,7,159.29
2026-08-11 16:21:47,65928.97,254.56,-10.14,6,110.99
2026-08-11 17:22:40,65930.37,223.38,20.95,8,79.8
2026-08-11 18:23:25,65930.04,223.38,21.08,8,79.8
2026-08-11 19:23:39,65956.34,189.3,82.89,7,45.72
2026-08-11 20:23:42,65946.82,189.3,73.37,7,45.72
2026-08-11 21:23:59,65933.97,189.3,60.51,7,45.72
2026-08-11 22:24:19,65933.09,189.3,59.63,7,45.72
2026-08-11 23:24:36,65947.72,189.3,74.26,7,45.72
2026-08-12 00:24:50,65952.11,189.3,78.65,7,0.0
2026-08-12 01:25:06,65918.44,180.59,73.61,7,-8.71
2026-08-12 02:25:25,65815.97,189.1,60.79,7,-0.2
2026-08-12 03:25:42,65827.62,247.21,72.45,7,57.91
2026-08-12 04:25:56,65833.14,247.21,77.97,7,57.91
2026-08-12 05:26:09,65827.49,247.21,72.31,7,57.91
2026-08-12 06:26:27,65836.73,247.21,81.55,7,57.91
2026-08-12 07:26:47,65808.66,247.21,53.48,7,57.91
2026-08-12 08:27:00,65798.13,247.21,54.49,7,57.91
2026-08-12 09:27:15,65745.14,247.21,1.5,7,57.91
2026-08-12 10:27:29,65730.99,247.21,-12.65,7,57.91
2026-08-12 11:27:46,65729.14,261.91,24.11,7,72.61
2026-08-12 12:28:00,65740.22,261.91,35.18,7,72.61
2026-08-12 13:28:23,65541.83,260.69,-35.18,8,71.39
2026-08-12 14:28:26,65452.37,446.4,65.72,7,257.1
2026-08-12 15:28:43,65297.68,446.65,16.55,7,257.35
2026-08-12 16:29:50,65295.91,446.65,14.65,7,257.35
2026-08-12 17:30:19,65299.96,427.91,38.44,6,238.61
2026-08-12 18:31:23,65311.57,427.91,50.05,6,238.61
2026-08-12 19:31:41,65272.5,388.21,54.22,7,198.91
2026-08-12 20:32:14,65273.76,388.21,55.35,7,198.91
2026-08-12 21:32:18,65271.34,357.44,107.45,7,168.14
2026-08-12 22:32:38,65225.32,410.72,67.31,8,221.42
2026-08-12 23:32:57,65238.34,409.32,95.06,8,220.01
2026-08-13 00:33:22,65227.33,421.41,99.99,7,12.1
2026-08-13 01:33:39,65225.93,421.41,98.6,7,12.1
2026-08-13 02:33:57,65211.34,421.05,101.24,7,11.74
2026-08-13 03:34:17,65212.85,421.05,102.76,7,11.74
2026-08-13 04:34:49,65214.89,421.05,104.8,7,11.74
2026-08-13 05:35:03,65219.91,421.05,109.81,7,11.74
2026-08-13 06:35:21,65213.68,421.05,109.46,8,11.74
2026-08-13 07:35:35,65221.19,421.05,116.97,8,11.74
2026-08-13 08:35:56,65214.43,421.05,110.72,8,11.74
2026-08-13 09:36:15,65141.46,448.5,102.78,9,39.18
2026-08-13 10:36:42,65093.78,457.04,85.11,9,47.72
2026-08-13 11:36:55,65085.36,436.24,99.67,8,26.92
2026-08-13 12:37:08,65120.7,436.24,135.01,8,26.92
2026-08-13 13:37:37,65102.6,436.24,81.31,7,26.92
2026-08-13 14:38:15,65141.48,520.27,37.32,6,110.96
2026-08-13 15:38:57,65072.89,537.11,-41.26,5,127.79
2026-08-13 16:39:44,65045.06,517.27,-38.69,4,107.95
2026-08-13 17:40:19,65037.46,474.89,5.35,4,65.58
2026-08-13 18:41:02,65108.61,474.89,76.03,5,65.58
2026-08-13 19:42:01,65289.95,474.89,257.06,8,65.58
2026-08-13 20:42:11,65185.05,457.71,152.89,8,48.39
2026-08-13 21:42:32,65211.57,457.71,179.41,8,48.39
2026-08-13 22:42:52,65171.46,435.49,196.34,8,26.17
2026-08-13 23:43:11,65186.81,435.49,211.69,8,26.17
2026-08-14 00:43:27,65179.48,435.49,210.24,9,0.0
2026-08-14 01:43:47,65171.09,435.49,201.85,9,0.0
2026-08-14 02:44:03,65187.5,435.49,218.26,9,0.0
2026-08-14 03:44:18,65189.96,435.49,220.72,9,0.0
2026-08-14 04:44:32,65178.44,435.49,209.2,9,0.0
2026-08-14 05:44:49,65144.9,398.39,229.85,8,-37.1
2026-08-14 06:45:04,65139.07,398.39,224.01,8,-37.1
2026-08-14 07:45:18,65168.86,398.39,254.32,8,-37.1
2026-08-14 08:45:35,65150.81,489.4,236.28,8,53.91
2026-08-14 09:45:49,65117.58,489.4,203.04,8,53.91
2026-08-14 10:46:05,65132.26,489.4,217.72,8,53.91
2026-08-14 11:46:20,65131.46,489.4,216.92,8,53.91
2026-08-14 12:41:29,65104.74,0.0,190.2,8,0.0
2026-08-14 12:46:48,65110.34,0.0,195.8,8,0.0
2026-08-14 12:47:59,65108.63,0.0,194.09,8,0.0
2026-08-14 12:56:37,65119.79,0.0,205.25,8,0.0
2026-08-14 13:01:58,65102.63,0.0,188.1,8,0.0
2026-08-14 13:03:10,65101.26,0.0,186.72,8,0.0
2026-08-14 13:04:21,65095.97,0.0,181.44,8,0.0
2026-08-14 13:08:38,65072.83,0.0,158.29,8,0.0
2026-08-14 13:09:50,65083.99,0.0,169.45,8,0.0
2026-08-14 13:11:02,65078.1,0.0,163.56,8,0.0
2026-08-14 13:15:18,65089.52,0.0,174.98,8,0.0
2026-08-14 13:29:58,65155.1,0.0,240.56,8,0.0
2026-08-14 13:31:28,65126.12,0.0,192.54,8,0.0
2026-08-14 13:33:01,65098.06,0.0,146.34,7,0.0
2026-08-14 14:33:27,64906.55,-70.75,33.65,8,-70.75
2026-08-14 15:34:02,64835.95,-70.75,-39.52,8,-70.75
2026-08-14 16:34:52,64848.66,-70.75,-26.45,8,-70.75
2026-08-14 17:35:56,64864.89,-96.26,20.55,7,-96.26
2026-08-14 18:36:59,64840.14,-158.28,59.41,7,-158.28
2026-08-14 19:37:18,64849.8,-158.28,74.66,8,-158.28
2026-08-14 20:37:32,64861.95,-158.28,86.79,8,-158.28
2026-08-14 21:38:18,64853.89,-158.28,78.73,8,-158.28
2026-08-14 22:39:00,64847.75,-158.28,72.59,8,-158.28
2026-08-14 23:39:30,64865.25,-158.28,90.09,8,-158.28
2026-08-15 00:39:52,64876.27,-158.28,101.11,8,0.0
2026-08-15 01:40:10,64877.14,-158.28,101.98,8,0.0
2026-08-15 02:40:28,64871.84,-158.28,96.68,8,0.0
2026-08-15 03:40:48,64871.05,-158.28,95.89,8,0.0
2026-08-15 04:41:04,64873.89,-158.28,98.73,8,0.0
2026-08-15 05:41:21,64876.33,-158.28,101.17,8,0.0
2026-08-15 06:41:37,64872.39,-158.28,97.23,8,0.0
2026-08-15 07:41:51,64872.81,-158.28,74257.72,8,0.0
2026-08-15 08:42:08,64871.17,-158.28,74256.86,8,0.0
2026-08-15 09:42:21,64868.01,-158.28,74253.7,8,0.0
2026-08-15 10:42:35,64867.66,-158.28,74253.35,8,0.0
2026-08-15 11:42:48,64867.46,-158.28,74253.16,8,0.0
2026-08-15 12:43:02,64867.96,-158.28,74253.65,8,0.0
2026-08-15 13:43:15,64870.72,-159.04,74256.42,8,-0.76
2026-08-15 14:43:29,64870.97,-72.82,74256.66,8,85.46
2026-08-15 15:43:44,64874.95,-72.82,74260.65,8,85.46
2026-08-15 16:43:59,64872.8,-72.82,74258.49,8,85.46
2026-08-15 17:44:14,64872.99,-72.82,74258.68,8,85.46
2026-08-15 18:44:27,64862.77,-56.71,93.37,7,101.57
2026-08-15 19:44:41,64862.77,-56.71,93.37,7,101.57
2026-08-15 20:45:07,64862.77,-56.71,93.37,7,101.57
2026-08-15 21:45:21,64862.77,-56.71,93.37,7,101.57
2026-08-15 22:45:43,64858.77,-56.71,95.22,8,101.57
2026-08-15 23:46:07,64844.57,-56.71,86.89,9,101.57
2026-08-16 00:46:20,64845.46,-56.71,87.78,9,0.0
2026-08-16 01:46:39,64826.85,-56.71,69.16,9,0.0
2026-08-16 02:46:51,64854.36,-56.71,96.68,9,0.0
2026-08-16 03:47:06,64835.68,-56.71,83.84,10,0.0
2026-08-16 04:47:19,64796.18,-56.71,50.18,11,0.0
2026-08-16 05:47:33,64773.03,-56.71,32.86,12,0.0
2026-08-16 06:47:49,64745.0,-56.71,10.67,13,0.0
2026-08-16 07:48:00,64777.85,-56.71,43.52,13,0.0
2026-08-16 08:48:11,64794.99,-56.71,60.65,13,0.0
2026-08-16 09:48:22,64804.92,-56.71,70.59,13,0.0
2026-08-16 10:48:32,64827.99,-56.71,93.65,13,0.0
2026-08-16 11:48:44,64801.95,-56.71,67.61,13,0.0
2026-08-16 12:48:56,64785.15,-71.78,76.14,12,-15.07
2026-08-16 13:49:08,64772.03,-71.78,63.02,12,-15.07
2026-08-16 14:49:23,64762.61,-71.78,53.61,12,-15.07
2026-08-16 15:49:38,64802.38,-71.78,99.22,13,-15.07
2026-08-16 16:49:49,64800.64,-71.78,97.48,13,-15.07
2026-08-16 17:50:01,64781.85,-71.78,78.69,13,-15.07
2026-08-16 18:50:13,64766.85,-71.78,63.69,13,-15.07
2026-08-16 19:50:22,64752.41,-90.9,72.52,12,-34.19
2026-08-16 20:50:37,64767.67,-90.9,87.77,12,-34.19
2026-08-16 21:50:51,64698.55,-109.35,44.2,11,-52.64
2026-08-16 22:51:04,64681.88,-122.2,47.26,10,-65.49
2026-08-16 23:51:17,64671.03,-152.71,83.16,9,-96.0
2026-08-17 00:51:31,64782.8,-152.71,200.76,10,0.0
2026-08-17 01:51:45,64824.75,-120.87,218.05,9,31.84
2026-08-17 02:51:58,64788.36,-112.45,200.89,9,40.26
2026-08-17 03:52:10,64801.36,-112.45,213.89,9,40.26
2026-08-17 04:52:23,64793.03,-112.45,205.56,9,40.26
2026-08-17 05:52:39,64803.5,-112.45,216.03,9,40.26
2026-08-17 06:52:52,64816.63,-74.45,211.93,8,78.26
2026-08-17 07:53:05,64814.35,-74.45,209.65,8,78.26
2026-08-17 08:53:22,64838.95,-74.45,234.26,8,78.26
2026-08-17 09:53:37,64812.46,-74.45,207.76,8,78.26
2026-08-17 10:53:54,64863.87,-74.45,265.0,9,78.26
2026-08-17 11:54:06,64865.94,-74.45,267.07,9,78.26
2026-08-17 12:54:32,64776.12,-74.45,183.09,10,78.26
2026-08-17 13:55:24,64795.91,-74.45,32.41,5,78.26
2026-08-17 14:55:50,64766.5,-108.85,40.64,8,43.86
2026-08-17 15:56:22,64750.57,-108.85,24.98,8,43.86
2026-08-17 16:56:40,64820.4,-81.66,91.64,8,71.05
2026-08-17 17:57:41,64854.62,-81.66,125.93,8,71.05
2026-08-17 18:57:43,64867.93,-81.66,139.6,8,71.05
2026-08-17 19:58:45,64823.8,-81.66,94.01,8,71.05
2026-08-17 20:59:25,64816.15,-43.53,87.47,8,109.18
2026-08-17 21:59:42,64823.41,-43.53,94.72,8,109.18
2026-08-17 22:59:56,64810.17,-43.53,81.48,8,109.18
2026-08-18 00:00:19,64834.28,-43.53,105.59,8,0.0
2026-08-18 01:01:01,64787.44,-50.12,89.74,8,-6.59
2026-08-18 02:01:20,64758.07,-51.11,101.99,7,-7.58
2026-08-18 03:01:34,64787.95,-51.11,131.87,7,-7.58
2026-08-18 04:01:51,64786.64,-51.11,130.56,7,-7.58
2026-08-18 05:02:06,64788.16,-51.11,132.09,7,-7.58
2026-08-18 06:02:25,64807.32,-51.11,157.08,8,-7.58
2026-08-18 07:02:37,64811.9,-51.11,161.66,8,-7.58
2026-08-18 08:02:54,64826.12,-51.11,199.24,8,-7.58
2026-08-18 09:03:08,64798.56,-51.11,171.68,8,-7.58
2026-08-18 10:03:24,64782.59,-51.11,155.72,8,-7.58
2026-08-18 11:03:40,64762.28,-43.88,141.21,7,-0.35
2026-08-18 12:03:55,64799.24,-43.88,177.86,7,-0.35
2026-08-18 13:04:08,64818.39,-43.88,197.21,7,-0.35
2026-08-18 14:04:21,64922.73,147.72,57.61,8,191.25
2026-08-18 15:05:33,64887.32,161.8,-5.2,8,205.33
2026-08-18 16:06:24,64892.98,161.8,0.11,8,205.33
2026-08-18 17:06:44,64902.54,161.8,8.81,8,205.33
2026-08-18 18:07:26,64883.15,132.94,23.13,7,176.47
2026-08-18 19:08:20,64882.19,132.94,22.0,8,176.47
2026-08-18 20:08:33,64912.53,110.92,75.79,8,154.45
2026-08-18 21:08:56,64903.14,110.92,66.4,8,154.45
2026-08-18 22:09:12,64880.81,110.92,44.07,8,154.45
2026-08-18 23:09:25,64845.61,66.2,65.54,7,109.73
2026-08-19 00:09:47,64884.66,66.2,104.59,7,0.0
2026-08-19 01:10:08,64872.42,66.2,92.36,7,0.0
2026-08-19 02:10:29,64834.81,66.2,60.58,8,0.0
2026-08-19 03:10:42,64842.12,66.2,67.89,8,0.0
2026-08-19 04:10:54,64840.44,54.14,82.71,7,-12.05
2026-08-19 05:11:07,64834.21,54.14,76.47,7,-12.05
2026-08-19 06:11:22,64831.86,61.8,78.08,6,-4.39
2026-08-19 07:11:47,64820.28,61.8,66.51,6,-4.39
2026-08-19 08:12:02,64727.24,61.8,4867.11,6,-4.39
2026-08-19 09:12:18,64713.76,61.8,4859.47,7,-4.39
2026-08-19 10:12:30,64736.34,61.8,4882.05,7,-4.39
2026-08-19 11:12:43,64745.54,61.8,4891.26,7,-4.39
2026-08-19 12:12:56,64777.64,61.8,4923.35,7,-4.39
2026-08-19 13:13:18,64710.49,-4.74,4914.0,7,-70.94
2026-08-19 14:13:41,64712.7,-27.0,4985.46,8,-93.19
2026-08-19 15:14:37,64800.72,-102.14,5141.08,8,-168.34
2026-08-19 16:15:33,64932.33,-130.0,5302.71,7,-196.2
2026-08-19 17:15:53,64853.56,-199.3,5295.87,6,-265.5
2026-08-19 18:16:07,64904.22,-199.3,5352.62,8,-265.5
2026-08-19 19:17:15,64953.5,-199.3,5402.01,8,-265.5
2026-08-19 20:17:37,65017.48,29.06,362.51,7,-37.13
2026-08-19 21:17:59,65297.03,567.29,106.38,6,501.09
2026-08-19 22:18:16,65312.89,567.29,122.24,6,501.09
2026-08-19 23:18:31,65226.69,567.29,41.92,7,501.09
2026-08-20 00:18:46,65251.24,567.29,66.46,7,0.0
2026-08-20 01:18:57,65202.3,567.29,17.52,7,0.0
2026-08-20 02:19:09,65198.39,544.73,13.61,7,-22.56
2026-08-20 03:19:26,65131.51,544.73,-53.27,7,-22.56
2026-08-20 04:19:39,65149.87,544.73,-23.15,9,-22.56
2026-08-20 05:19:49,65201.25,544.73,28.23,9,-22.56
2026-08-20 06:20:00,65191.98,544.73,18.97,9,-22.56
2026-08-20 07:20:10,65281.83,494.15,108.81,9,-73.14
2026-08-20 08:20:23,65467.16,494.15,5702.73,9,-73.14
2026-08-20 09:20:35,65509.37,494.15,5744.93,9,-73.14
2026-08-20 10:20:47,65517.68,494.15,5753.24,9,-73.14
2026-08-20 11:21:03,65503.53,465.02,5741.38,9,-102.27
2026-08-20 12:21:15,65549.04,465.02,5784.6,9,-102.27
2026-08-20 13:21:29,65511.52,465.02,5747.08,9,-102.27
2026-08-20 14:21:54,65489.12,458.07,5747.71,8,-109.22
2026-08-20 15:22:44,65518.7,458.07,5778.18,8,-109.22
2026-08-20 16:23:36,65548.94,458.07,5808.34,8,-109.22
2026-08-20 17:24:07,65660.82,661.78,5745.34,7,94.49
2026-08-20 18:24:16,65675.25,661.78,5764.13,8,94.49
2026-08-20 19:24:57,65638.59,661.78,5727.66,8,94.49
2026-08-20 20:25:13,65643.69,661.78,5732.71,8,94.49
2026-08-20 21:25:29,65621.53,661.78,5710.56,8,94.49
2026-08-20 22:25:45,65621.38,661.78,5710.41,8,94.49
2026-08-20 23:26:00,65672.24,714.14,321.35,8,146.85
2026-08-21 00:26:12,65729.21,714.14,378.32,8,0.0
2026-08-21 01:26:26,65790.86,714.14,439.97,8,0.0
2026-08-21 02:26:38,65777.11,681.7,426.22,8,-32.44
2026-08-21 03:26:50,65759.62,681.7,414.66,9,-32.44
2026-08-21 04:27:09,65761.26,1102.56,43.87,9,388.41
2026-08-21 05:27:21,65876.36,1102.56,158.97,9,388.41
2026-08-21 06:27:34,66163.07,1102.56,445.68,9,388.41
2026-08-21 07:27:52,66319.29,1102.56,601.89,9,388.41
2026-08-21 08:28:04,66531.21,1102.56,814.49,9,388.41
2026-08-21 09:28:15,66406.54,1594.07,216.95,8,879.93
2026-08-21 10:28:31,66491.34,1594.07,307.52,9,879.93
2026-08-21 11:28:43,66476.26,1580.87,292.45,9,866.73
2026-08-21 12:28:55,66380.9,1580.87,197.09,9,866.73
2026-08-21 13:29:11,66471.62,1580.87,287.8,9,866.73
2026-08-21 14:29:51,66518.89,1492.5,493.58,8,778.36
2026-08-21 15:30:04,66643.11,1464.42,649.29,8,750.28
2026-08-21 16:30:13,66714.68,1419.59,764.93,8,705.44
2026-08-21 17:30:52,66736.42,1419.59,786.96,8,705.44
2026-08-21 18:31:19,66780.79,1391.21,866.91,8,677.06
2026-08-21 19:32:16,66669.27,1391.21,755.51,8,677.06
2026-08-21 20:32:57,66702.3,1685.37,510.61,8,971.23
2026-08-21 21:33:21,67058.33,1685.37,866.64,8,971.23
2026-08-21 22:33:40,67449.21,1685.37,1257.52,8,971.23
2026-08-21 23:33:57,67424.61,1983.42,953.24,7,1269.28
2026-08-22 00:34:17,67291.12,2321.22,530.19,6,229.84
2026-08-22 01:34:36,67308.25,2321.22,553.39,7,229.84
2026-08-22 02:34:53,67344.33,2321.22,589.47,7,229.84
2026-08-22 03:35:10,67660.24,2698.99,517.77,7,607.61
2026-08-22 04:35:23,67645.58,2992.11,234.95,7,900.73
2026-08-22 05:35:37,66961.08,2992.11,-449.55,7,900.73
2026-08-22 06:35:49,66967.9,2992.11,-442.73,7,900.73
2026-08-22 07:36:01,67040.14,2992.11,-370.49,7,900.73
2026-08-22 08:36:11,66971.98,2992.11,-438.29,7,900.73
2026-08-22 09:36:22,66920.28,2992.11,-489.99,7,900.73
2026-08-22 10:36:33,66757.59,2992.11,-652.68,7,900.73
2026-08-22 11:36:46,66815.77,2992.11,-594.5,7,900.73
2026-08-22 12:37:19,66965.91,2992.11,-444.36,7,900.73
2026-08-22 13:37:33,66973.16,2992.11,-431.08,8,900.73
2026-08-22 14:37:47,66915.41,3007.86,-488.83,8,916.48
2026-08-22 15:38:01,66796.41,3007.86,-607.84,8,916.48
2026-08-22 16:38:15,66928.18,2995.3,-476.06,8,903.92
2026-08-22 17:38:28,66995.37,2995.3,-408.88,8,903.92
2026-08-22 18:38:40,67052.2,2995.3,-352.04,8,903.92
2026-08-22 19:38:53,67015.65,2995.3,-376.5,10,903.92
2026-08-22 20:39:07,66994.95,2995.3,-391.17,11,903.92
2026-08-22 21:39:16,66826.73,2995.3,-559.39,11,903.92
2026-08-22 22:39:28,66751.37,2995.3,-634.74,11,903.92
2026-08-22 23:39:40,66682.86,2995.3,-703.25,11,903.92
2026-08-23 00:39:53,66918.1,2890.29,-355.49,10,-105.01
2026-08-23 01:40:07,66925.4,2777.95,-225.2,9,-217.35
2026-08-23 02:40:19,66785.59,2777.95,-365.01,9,-217.35
2026-08-23 03:40:31,66621.42,2715.45,-462.81,8,-279.86
2026-08-23 04:40:43,66581.72,2513.3,-265.66,8,-482.0
2026-08-23 05:40:55,66433.01,2513.3,-414.37,8,-482.0
2026-08-23 06:41:06,66381.52,2359.89,-338.12,7,-635.41
2026-08-23 07:41:19,66410.32,2359.89,-309.33,7,-635.41
2026-08-23 08:41:30,66451.52,2359.89,-262.13,8,-635.41
2026-08-23 09:41:44,66504.99,2359.89,-208.66,8,-635.41
2026-08-23 10:41:57,66627.28,2359.89,-86.37,8,-635.41
2026-08-23 11:42:13,66672.9,2359.89,-22.73,11,-635.41
2026-08-23 12:42:23,66737.02,2359.89,41.38,11,-635.41
2026-08-23 13:42:36,66979.33,2352.81,298.58,10,-642.5
2026-08-23 14:42:51,66871.71,2352.81,190.95,10,-642.5
2026-08-23 15:43:06,66780.65,2352.81,99.89,10,-642.5
2026-08-23 16:43:20,66785.68,2352.81,104.93,10,-642.5
2026-08-23 17:43:33,66826.93,2352.81,146.17,10,-642.5
2026-08-23 18:43:50,66848.16,2352.81,167.41,10,-642.5
2026-08-23 19:44:04,66787.46,2380.25,100.13,9,-615.05
2026-08-23 20:44:22,66761.2,2289.46,153.07,8,-705.84
2026-08-23 21:44:36,66952.56,2289.46,344.42,8,-705.84
2026-08-23 22:44:51,66929.64,2289.46,321.51,8,-705.84
2026-08-23 23:45:05,66884.46,2289.46,276.33,8,-705.84
2026-08-24 00:45:19,66805.48,2289.46,197.2,8,0.0
2026-08-24 01:45:32,66664.85,2289.46,56.71,8,0.0
2026-08-24 02:45:46,66662.6,2289.46,54.46,8,0.0
2026-08-24 03:46:01,66638.45,2289.46,30.32,8,0.0
2026-08-24 04:46:15,66629.91,2292.92,36.59,7,3.45
2026-08-24 05:46:27,66673.04,2292.92,79.72,7,3.45
2026-08-24 06:46:41,66620.67,2292.92,27.34,7,3.45
2026-08-24 07:46:55,66655.0,2292.92,61.68,7,3.45
2026-08-24 08:47:09,66541.2,2278.07,-12.99,6,-11.39
2026-08-24 09:47:24,66712.69,2278.07,158.5,6,-11.39
2026-08-24 10:47:40,66689.67,2335.92,114.91,5,46.45
2026-08-24 11:47:58,66632.51,2437.98,11.07,3,148.51
2026-08-24 12:48:18,66603.61,2437.98,-17.83,3,148.51
2026-08-24 13:48:29,66540.42,2437.98,0.0,0,148.51
2026-08-24 14:48:59,66512.82,2425.05,8.63,8,135.59
2026-08-24 15:49:39,66481.4,2323.56,80.39,6,34.1
2026-08-24 16:50:21,66453.04,2323.56,52.03,8,34.1
2026-08-24 17:50:34,66233.16,2314.14,-158.63,8,24.68
2026-08-24 18:51:19,66308.27,2314.14,-83.67,8,24.68
2026-08-24 19:52:09,66388.83,2388.07,-70.27,8,98.61
2026-08-24 20:52:36,66386.71,2340.96,-56.72,7,51.5
2026-08-24 21:52:51,66399.37,2340.96,-44.06,7,51.5
2026-08-24 22:53:07,66387.82,2340.96,-49.63,8,51.5
2026-08-24 23:53:22,66408.27,2340.96,-29.19,8,51.5
2026-08-25 00:53:37,66496.45,2340.96,64.98,9,0.0
2026-08-25 01:53:50,66472.97,2340.96,41.5,9,0.0
2026-08-25 02:54:03,66562.35,2340.96,130.88,9,0.0
2026-08-25 03:54:18,66529.34,2340.96,97.87,9,0.0
2026-08-25 04:54:31,66432.85,2340.96,1.38,9,0.0
2026-08-25 05:54:44,66470.89,2340.96,39.41,9,0.0
2026-08-25 06:54:58,66426.54,2340.96,-4.93,9,0.0
2026-08-25 07:55:12,66260.47,2282.37,-171.0,9,-58.59
2026-08-25 08:55:25,66284.46,2282.37,-145.95,9,-58.59
2026-08-25 09:55:37,66361.75,2301.03,-68.66,9,-39.93
2026-08-25 10:55:53,66371.11,2301.03,-59.3,9,-39.93
2026-08-25 11:56:06,66376.23,2301.03,-48.19,10,-39.93
2026-08-25 12:56:19,66308.15,2278.95,-70.89,9,-62.01
2026-08-25 13:56:33,66185.35,2278.95,-243.74,7,-62.01
2026-08-25 14:57:27,66198.71,1987.49,76.9,8,-353.47
2026-08-25 15:58:31,66273.93,1952.3,187.1,8,-388.66
2026-08-25 16:59:16,66268.87,1952.3,182.52,8,-388.66
2026-08-25 17:59:57,66333.7,1952.3,247.35,8,-388.66
2026-08-25 19:00:51,66368.85,1952.3,282.54,8,-388.66
2026-08-25 20:01:28,66358.93,1952.3,273.15,8,-388.66
2026-08-25 21:01:43,66282.6,1952.3,196.25,8,-388.66
2026-08-25 22:02:00,66310.97,1899.85,282.07,7,-441.11
2026-08-25 23:02:16,66344.56,1899.85,315.65,7,-441.11
2026-08-26 00:02:30,66295.1,1899.85,266.19,7,0.0
2026-08-26 01:02:47,66238.93,1874.5,242.93,6,-25.35
2026-08-26 02:03:04,66318.35,1964.43,334.29,8,64.58
2026-08-26 03:03:21,66373.39,1964.43,389.33,8,64.58
2026-08-26 04:03:34,66353.84,1964.43,369.78,8,64.58
2026-08-26 05:03:48,66333.82,1964.43,349.76,8,64.58
2026-08-26 06:04:01,66299.38,1964.43,315.33,8,64.58
2026-08-26 07:04:34,66267.05,1964.43,282.99,8,64.58
2026-08-26 08:04:54,66249.28,1964.43,349.62,8,64.58
2026-08-26 09:05:07,66195.03,1964.43,295.37,8,64.58
2026-08-26 10:05:20,66183.02,1964.43,283.36,8,64.58
2026-08-26 11:05:36,66208.64,1964.43,308.98,8,64.58
2026-08-26 12:05:50,66195.36,1964.43,295.7,8,64.58
2026-08-26 13:06:07,66082.54,1964.43,182.88,8,64.58
2026-08-26 14:06:48,66100.73,2052.51,87.23,8,152.66
2026-08-26 15:06:49,65873.18,2002.5,-147.61,7,102.65
2026-08-26 16:06:52,65812.75,1937.16,-124.21,8,37.31
2026-08-26 17:07:55,65782.0,1937.16,-155.05,8,37.31
2026-08-26 18:09:04,65901.31,1937.16,-35.81,8,37.31
2026-08-26 19:09:56,65925.39,1937.16,-11.95,8,37.31
2026-08-26 20:10:47,65937.55,1937.16,0.51,8,37.31
2026-08-26 21:11:02,65847.83,2019.66,-86.96,8,119.81
2026-08-26 22:11:20,66069.74,2019.66,132.53,8,119.81
2026-08-26 23:11:33,66122.32,2019.66,185.27,8,119.81
2026-08-27 00:11:47,66205.96,2019.66,268.92,8,0.0
2026-08-27 01:12:00,66073.9,2019.66,136.86,8,0.0
2026-08-27 02:12:15,66151.17,2042.84,217.63,7,23.17
2026-08-27 03:12:34,66099.42,2042.84,165.89,7,23.17
2026-08-27 04:12:50,66083.78,2042.84,150.25,7,23.17
2026-08-27 05:13:03,66062.29,2042.84,128.75,7,23.17
2026-08-27 06:13:15,66097.81,2042.84,164.28,7,23.17
2026-08-27 07:13:29,66095.43,2042.84,161.9,7,23.17
2026-08-27 08:13:42,66251.39,2042.84,83297.97,7,23.17
2026-08-27 09:13:56,66317.09,2345.86,76970.76,6,326.2
2026-08-27 10:14:13,66332.04,2345.86,76985.71,6,326.2
2026-08-27 11:14:29,66261.02,2345.86,76913.65,6,326.2
2026-08-27 12:14:44,66291.57,2345.86,76945.24,6,326.2
2026-08-27 13:14:59,66243.06,2345.86,76896.73,6,326.2
2026-08-27 14:15:09,66281.68,2282.14,77206.14,8,262.47
2026-08-27 15:15:57,66506.0,2335.92,77406.86,8,316.25
2026-08-27 16:16:26,66379.31,2722.78,120.23,8,703.11
2026-08-27 17:16:40,66520.65,2734.6,261.31,7,714.94
2026-08-27 18:17:20,66412.05,2734.6,152.62,8,714.94
2026-08-27 19:18:08,66460.99,2734.6,201.54,8,714.94
2026-08-27 20:18:21,66447.12,2734.6,187.67,8,714.94
2026-08-27 21:18:36,66449.36,2722.66,189.91,8,703.0
2026-08-27 22:18:51,66441.33,2722.66,181.88,8,703.0
2026-08-27 23:19:19,66445.78,2722.66,186.34,8,703.0
2026-08-28 00:19:36,66426.96,2722.66,173.49,9,0.0
2026-08-28 01:19:51,66442.8,2708.84,189.33,9,-13.82
2026-08-28 02:20:08,66390.54,2708.84,137.07,9,-13.82
2026-08-28 03:20:25,66310.11,2708.84,56.64,9,-13.82
2026-08-28 04:20:42,66343.84,2708.84,90.37,9,-13.82
2026-08-28 05:21:06,66334.74,2708.84,81.27,9,-13.82
2026-08-28 06:21:21,66380.74,2708.84,127.27,9,-13.82
2026-08-28 07:21:41,66372.07,2708.84,118.76,9,-13.82
2026-08-28 08:21:56,66397.12,2708.84,153.06,9,-13.82
2026-08-28 09:22:10,66376.14,2708.84,131.22,9,-13.82
2026-08-28 10:22:23,66318.68,2708.84,73.76,9,-13.82
2026-08-28 11:22:40,66449.85,2708.84,210.83,10,-13.82
2026-08-28 12:22:55,66403.18,2708.84,164.15,10,-13.82
2026-08-28 13:23:10,66349.66,2708.84,110.63,10,-13.82
2026-08-28 14:23:26,66369.3,3032.08,-208.78,7,309.42
2026-08-28 15:23:29,66712.97,3162.99,4.04,8,440.33
2026-08-28 16:24:36,66366.31,3063.14,-219.68,8,340.48
2026-08-28 17:25:17,66362.78,2958.54,-139.7,8,235.88
2026-08-28 18:26:18,66334.47,2958.54,-167.97,8,235.88
2026-08-28 19:27:12,66297.15,2958.54,-205.23,8,235.88
2026-08-28 20:27:35,66286.17,2958.54,-216.38,8,235.88
2026-08-28 21:27:52,66303.58,2958.54,-198.97,8,235.88
2026-08-28 22:28:13,66291.8,2958.54,-210.75,8,235.88
2026-08-28 23:28:30,66330.41,2958.54,-172.14,8,235.88
2026-08-29 00:28:47,66307.23,2806.25,-40.83,7,-152.29
2026-08-29 01:29:07,66307.23,2806.25,-40.83,7,-152.29
2026-08-29 02:29:22,66296.77,2806.25,-51.29,7,-152.29
2026-08-29 03:29:37,66296.77,2806.25,-51.29,7,-152.29
2026-08-29 04:17:31,66292.57,-2142.89,-49.53,8,0.0
2026-08-29 04:18:43,66292.57,-2142.89,-49.53,8,0.0
2026-08-29 04:19:55,66292.57,-2142.89,-49.53,8,0.0
2026-08-29 04:21:06,66292.57,-2142.89,-49.53,8,0.0
2026-08-29 04:42:02,66287.15,-2142.89,-54.95,8,0.0
2026-08-29 04:43:14,66287.15,-2142.89,-54.95,8,0.0
2026-08-29 04:44:25,66283.96,-2142.89,-58.14,8,0.0
2026-08-29 05:28:12,66305.64,-2142.89,-36.46,8,0.0
2026-08-29 05:29:22,66305.64,-2142.89,-36.46,8,0.0
2026-08-29 05:30:32,66305.64,-2142.89,-36.46,8,0.0
2026-08-29 06:30:52,66279.82,-2142.89,-62.28,8,0.0
2026-08-29 07:31:12,66292.47,-2142.9,-49.62,8,0.0
2026-08-29 08:31:32,66275.95,-2143.89,-65.15,8,0.0
2026-08-29 09:31:51,66276.49,-2143.89,-64.61,8,0.0
2026-08-29 10:30:09,66278.08,-2143.9,-63.01,8,0.0
2026-08-29 10:31:20,66278.08,-2143.9,-63.01,8,0.0
2026-08-29 10:32:30,66278.08,-2143.9,-63.01,8,0.0
2026-08-29 11:32:50,66282.83,-2143.9,-58.26,8,0.0
2026-08-29 12:33:09,66278.82,-2143.89,-62.28,8,0.0
2026-08-29 13:33:28,66291.57,-2143.89,-49.53,8,0.0
2026-08-29 14:33:49,66307.83,-2143.89,-33.27,8,0.0
2026-08-29 15:34:14,66323.13,-2143.89,-17.97,8,0.0
2026-08-29 16:34:35,66326.63,-2143.9,-14.46,8,0.0
2026-08-29 17:34:55,66323.13,-2143.89,-17.97,8,0.0
2026-08-29 18:35:14,66318.35,-2143.89,-22.75,8,0.0
2026-08-29 19:35:34,66352.14,-2143.89,11.04,8,0.0
2026-08-29 20:35:56,66331.54,-2143.9,-9.55,8,0.0
2026-08-29 21:36:17,66326.63,-2143.9,-14.46,8,0.0
2026-08-29 22:36:39,66333.97,-2143.89,-7.13,8,0.0
2026-08-29 23:37:00,66350.1,-2143.89,9.0,8,0.0
2026-08-30 00:37:22,66340.98,-2143.89,-0.12,8,0.0
2026-08-30 01:37:42,66329.82,-2143.89,-11.28,8,0.0
2026-08-30 02:38:02,66333.01,-2143.89,-8.09,8,0.0
2026-08-30 03:38:25,66332.05,-2143.9,-9.04,8,0.0
2026-08-30 04:38:45,66325.04,-2143.89,-16.06,8,0.0
2026-08-30 05:39:08,66326.63,-2143.9,-14.46,8,0.0
2026-08-30 06:39:27,66328.55,-2143.89,-12.55,8,0.0
2026-08-30 07:39:45,66325.2,-2143.89,-15.9,8,0.0
2026-08-30 08:40:05,66325.04,-2143.89,-16.06,8,0.0
2026-08-30 09:40:28,66313.88,-2143.9,-27.21,8,0.0
2026-08-30 10:40:48,66316.66,-2117.04,-51.29,7,30.81
2026-08-30 11:41:08,66316.66,-2117.04,-51.29,7,30.81
2026-08-30 12:41:28,66316.66,-2117.04,-51.29,7,30.81
2026-08-30 13:41:46,66316.66,-2117.04,-51.29,7,30.81
2026-08-30 14:42:06,66316.66,-2117.04,-51.29,7,30.81
2026-08-30 15:42:26,66316.66,-2117.04,-51.29,7,30.81
2026-08-30 16:42:47,66316.66,-2117.04,-51.29,7,30.81
2026-08-30 17:43:08,66316.66,-2117.04,-51.29,7,30.81
2026-08-30 18:43:28,66316.66,-2117.04,-51.29,7,30.81
2026-08-30 19:43:50,66316.66,-2117.04,-51.29,7,30.81
2026-08-30 20:44:18,66311.95,-2123.02,-50.02,8,30.81
2026-08-30 21:44:40,66274.07,-2123.02,-87.9,8,30.81
2026-08-30 22:44:59,66274.07,-2123.02,-87.9,8,30.81
2026-08-30 23:45:19,66209.15,-2224.55,-51.29,7,-33.88
2026-08-31 00:45:39,66228.51,-2224.55,-31.93,7,0.0
2026-08-31 01:45:59,66243.47,-2224.55,-16.97,7,0.0
2026-08-31 02:46:20,66283.21,-2224.55,22.77,7,0.0
2026-08-31 03:46:45,66216.91,-2236.49,-31.59,9,0.0
2026-08-31 04:47:04,66121.45,-2269.61,-93.93,11,-7.46
2026-08-31 05:47:27,66198.98,-2269.61,-16.4,11,-7.46
2026-08-31 06:47:49,66240.56,-2269.61,25.18,11,-7.46
2026-08-31 07:48:09,66218.25,-2269.61,2.87,11,-7.46
2026-08-31 08:48:29,66238.96,-2275.57,29.54,12,-7.46
2026-08-31 09:48:47,66272.92,-2275.56,63.49,12,-7.46
2026-08-31 10:49:05,66240.27,-2275.57,30.85,12,-7.46
2026-08-31 11:49:21,66187.67,-2275.57,-21.75,12,-7.46
2026-08-31 12:49:40,66157.84,-2288.94,-38.21,11,-17.69
2026-08-31 13:50:30,66144.72,-2333.27,-7.0,5,-17.69
2026-08-31 14:51:04,66198.26,-2332.67,45.94,8,-17.69
2026-08-31 15:51:34,66212.17,-2405.5,132.68,7,-86.23
2026-08-31 16:52:09,66224.84,-2405.54,145.39,8,-86.23
2026-08-31 17:52:42,66182.8,-2405.84,103.65,8,-86.23
2026-08-31 18:53:22,66253.86,-2429.75,198.62,8,-109.18
2026-08-31 19:53:55,66205.35,-2457.52,177.88,7,-134.66
2026-08-31 20:54:56,66261.04,-2454.73,230.78,7,-134.66
2026-08-31 21:55:10,66204.36,-2456.27,175.64,7,-134.66
2026-08-31 22:55:23,66180.37,-2456.27,151.65,7,-161.57
2026-08-31 23:55:35,66156.23,-2456.27,127.51,7,-161.57
2026-09-01 00:55:49,66186.49,-2462.23,163.73,8,0.0
2026-09-01 01:56:05,66223.72,-2468.19,206.92,9,0.0
2026-09-01 02:56:19,66178.51,-2490.75,184.27,9,-7.97
2026-09-01 03:56:32,66250.19,-2383.72,148.92,6,140.29
2026-09-01 04:56:45,66331.75,-2316.06,162.82,5,235.57
2026-09-01 05:57:01,66581.2,-2328.03,424.24,7,235.57
2026-09-01 06:57:31,66493.71,-2334.03,342.75,8,235.57
2026-09-01 07:57:43,66375.07,-2335.14,225.22,8,235.57
2026-09-01 08:57:55,66295.34,-2335.14,145.49,8,235.57
2026-09-01 09:58:10,66265.75,-2327.44,108.2,8,235.57
2026-09-01 10:58:26,66319.76,-2335.14,169.91,8,235.57
2026-09-01 11:58:39,66359.73,-2335.14,209.88,8,235.57
2026-09-01 12:59:01,66288.56,-2335.14,138.71,8,235.57
2026-09-01 13:59:49,66390.82,-1989.98,-104.19,7,379.77
2026-09-01 15:00:56,66412.72,-2013.63,-58.64,7,357.16
2026-09-01 16:01:55,66426.85,-2055.88,-2.26,7,312.53
2026-09-01 17:01:56,66403.48,-2055.5,-26.01,8,312.53
2026-09-01 18:01:57,66440.93,-2055.49,11.43,8,312.53
2026-09-01 19:01:59,66263.83,-2055.49,-165.67,8,312.53
2026-09-01 20:02:50,66329.74,-2055.49,-99.76,8,312.53
2026-09-01 21:03:07,66336.88,-2055.5,-92.61,8,312.53
2026-09-01 22:03:22,66314.48,-2055.49,-115.02,8,312.53
2026-09-01 23:03:35,66232.13,-2055.5,-197.36,8,312.53
2026-09-02 00:03:47,66295.75,-2055.5,-133.74,8,0.0
2026-09-02 01:04:00,66273.92,-2130.91,-80.16,7,-55.36
2026-09-02 02:04:16,66206.39,-2130.91,-147.69,7,-55.36
2026-09-02 03:04:31,66199.63,-2155.44,-129.92,6,-56.41
2026-09-02 04:04:44,66224.25,-2155.43,-105.31,6,-56.41
2026-09-02 05:04:57,66226.89,-2155.44,-102.66,6,-56.41
2026-09-02 06:05:12,66252.64,-2205.26,-27.09,4,-126.46
2026-09-02 07:05:29,66241.21,-2289.44,45.66,3,-186.69
2026-09-02 08:05:48,66222.6,-2295.88,33.49,4,-186.69
2026-09-02 09:06:02,66217.32,-2326.43,58.76,6,-190.18
2026-09-02 10:06:17,66164.06,-2326.43,5.5,6,-190.18
2026-09-02 11:06:31,66161.6,-2326.43,3.04,6,-217.16
2026-09-02 12:06:45,66092.94,-2326.42,-65.63,6,-217.16
2026-09-02 13:06:56,66090.03,-2326.43,-68.53,6,-217.16
2026-09-02 14:07:35,65999.48,-2401.76,-83.75,7,-262.28
2026-09-02 15:07:34,65931.56,-2520.21,-33.22,8,-372.53
2026-09-02 16:07:56,66049.43,-2393.22,-42.34,8,-245.91
2026-09-02 17:08:01,66022.1,-2393.11,-69.78,8,-245.91
2026-09-02 18:09:12,66064.5,-2393.03,-27.46,8,-245.91
2026-09-02 19:10:18,66077.12,-2442.36,34.49,8,-287.31
2026-09-02 20:11:07,66028.23,-2414.75,-42.01,7,-234.23
2026-09-02 21:11:24,66029.9,-2414.75,-40.34,7,-234.23
2026-09-02 22:11:50,66012.14,-2414.75,-58.1,7,-234.23
2026-09-02 23:12:04,66038.57,-2414.75,-31.67,7,-234.23
2026-09-03 00:12:20,66002.67,-2463.5,-18.82,8,20.4
2026-09-03 01:12:36,65976.16,-2489.48,-19.35,8,32.01
2026-09-03 02:12:51,65990.98,-2489.48,-4.53,8,32.01
2026-09-03 03:13:04,66117.93,-2489.48,122.42,8,32.01
2026-09-03 04:13:17,66117.74,-2489.48,122.23,8,32.01
2026-09-03 05:13:29,66102.53,-2489.47,107.01,8,32.01
2026-09-03 06:13:43,66098.08,-2489.34,102.43,8,32.01
2026-09-03 07:13:57,66137.9,-2489.48,142.39,8,32.01
2026-09-03 08:14:18,66104.2,-2464.04,83.25,6,86.23
2026-09-03 09:14:33,66105.47,-2464.03,84.51,6,68.77
2026-09-03 10:14:48,66127.19,-2464.31,106.51,6,68.77
2026-09-03 11:15:02,66132.03,-2464.04,111.08,6,68.77
2026-09-03 12:15:19,66145.61,-2464.04,124.66,6,68.77
2026-09-03 13:15:35,66147.33,-2464.03,126.37,6,68.77
2026-09-03 14:15:45,66140.16,-2546.85,202.02,6,34.52
2026-09-03 15:16:24,66360.83,-2342.84,218.68,8,243.92
2026-09-03 16:17:05,66424.8,-2173.26,113.07,8,422.68
2026-09-03 17:17:38,66389.62,-2176.18,80.81,8,422.68
2026-09-03 18:18:11,66457.87,-2175.76,148.64,8,422.68
2026-09-03 19:18:56,66400.45,-2146.14,61.6,8,459.83
2026-09-03 20:19:08,66339.17,-2154.19,8.37,8,459.83
2026-09-03 21:19:34,66330.59,-2145.5,-8.9,8,386.4
2026-09-03 22:20:08,66279.62,-2145.5,-59.87,8,386.4
2026-09-03 23:20:26,66271.24,-2145.5,-68.25,8,386.4
2026-09-04 00:20:39,66283.73,-2145.5,-55.76,8,0.0
2026-09-04 01:20:53,66260.53,-2145.5,-78.96,8,0.0
2026-09-04 02:21:09,66280.79,-2145.5,-58.7,8,0.0
2026-09-04 03:21:30,66240.32,-2151.47,-93.2,9,0.0
2026-09-04 04:21:43,66243.65,-2151.47,-89.87,9,0.0
2026-09-04 05:21:55,66272.86,-2151.47,-60.66,9,0.0
2026-09-04 06:22:09,66190.44,-2151.46,-143.09,9,0.0
2026-09-04 07:22:24,66215.76,-2151.46,-117.77,9,0.0
2026-09-04 08:22:37,66174.12,-2151.85,-159.02,9,0.0
2026-09-04 09:22:49,66235.15,-2151.85,-97.99,9,0.0
2026-09-04 10:23:03,66196.41,-2160.53,-128.05,9,0.0
2026-09-04 11:23:18,66216.78,-2151.85,-116.36,9,31.46
2026-09-04 12:23:32,66163.41,-2151.85,-169.73,9,-11.98
2026-09-04 13:24:14,65781.22,-2147.75,-556.02,9,-11.98
2026-09-04 14:25:11,65862.61,-2426.55,-195.83,8,-114.17
2026-09-04 15:26:23,65808.99,-2481.57,-194.43,7,-165.02
2026-09-04 16:26:59,65806.8,-2523.79,-154.4,8,-198.79
2026-09-04 17:27:59,65820.15,-2525.33,-139.51,8,-198.79
2026-09-04 18:28:54,65761.84,-2525.44,-197.71,8,-198.79
2026-09-04 19:29:24,65817.89,-2711.99,44.89,8,-371.95
2026-09-04 20:29:58,65851.36,-2736.08,102.45,7,-394.47
2026-09-04 21:30:15,65822.48,-2742.02,79.51,8,-394.47
2026-09-04 22:30:29,65821.47,-2744.07,80.55,7,-369.86
2026-09-04 23:30:43,65822.65,-2744.07,81.73,7,-369.86
2026-09-05 00:30:58,65835.0,-2744.07,94.08,7,0.0
2026-09-05 01:31:12,65829.9,-2744.07,88.98,7,0.0
2026-09-05 02:31:27,65823.02,-2749.99,88.02,8,0.0
2026-09-05 03:31:42,65821.63,-2844.56,181.2,8,-79.92
2026-09-05 04:31:57,65828.22,-2844.57,187.8,8,-79.92
2026-09-05 05:32:09,65811.15,-2844.57,170.73,8,-79.92
2026-09-05 06:32:23,65806.94,-2844.57,166.52,8,-79.92
2026-09-05 07:32:39,65851.13,-89298.22,86664.36,7,-63.3
2026-09-05 08:32:53,65838.58,-89299.43,86653.02,7,-63.3
2026-09-05 09:33:06,65854.81,-89299.44,86669.26,7,-63.3
2026-09-05 10:33:27,65845.73,-89299.44,86660.18,7,-63.3
2026-09-05 11:33:41,65843.77,-89299.44,86658.22,7,-63.3
2026-09-05 12:33:56,65848.64,-89299.44,86663.09,7,-63.3
2026-09-05 13:34:11,65858.34,-82785.8,80159.15,5,-3.41
2026-09-05 14:34:27,65858.26,-82785.81,80159.08,5,112.12
2026-09-05 15:34:42,65855.18,-82785.8,80155.99,5,177.49
2026-09-05 16:34:57,65851.49,-2805.54,172.04,4,187.03
2026-09-05 17:35:10,65851.49,-2805.54,172.04,4,187.03
2026-09-05 18:35:26,65840.84,-2811.47,167.32,5,187.03
2026-09-05 19:35:40,65836.6,-2811.47,163.08,5,187.03
2026-09-05 20:35:59,65839.16,-2811.47,165.64,5,187.03
2026-09-05 21:36:12,65842.43,-2811.47,168.91,5,187.03
2026-09-05 22:36:24,65843.75,-2811.47,170.23,5,187.03
2026-09-05 23:36:38,65845.84,-2811.47,172.32,5,187.03
2026-09-06 00:36:54,65847.38,-2811.47,173.86,5,0.0
2026-09-06 01:37:08,65855.07,-2817.4,187.48,6,0.0
2026-09-06 02:37:40,65887.69,-2817.4,220.1,6,0.0
2026-09-06 03:37:54,65889.68,-2817.4,222.09,6,0.0
2026-09-06 04:38:10,65898.03,-2817.41,230.45,6,0.0
2026-09-06 05:38:26,65887.84,-2817.41,220.26,6,0.0
2026-09-06 06:38:40,65922.03,-2817.41,254.45,6,0.0
2026-09-06 07:38:53,65900.5,-2817.4,232.91,6,0.0
2026-09-06 08:39:05,65878.92,-2817.4,211.33,6,0.0
2026-09-06 09:39:18,65888.53,-2817.4,220.94,6,0.0
2026-09-06 10:39:31,65844.21,-2817.4,176.62,6,0.0
2026-09-06 11:39:45,65827.57,-2823.33,165.91,7,0.0
2026-09-06 12:40:02,65857.5,-2823.33,195.84,7,0.0
2026-09-06 13:40:17,65821.16,-2823.33,159.5,7,0.0
2026-09-06 14:40:33,65732.59,-2823.34,70.94,7,0.0
2026-09-06 15:40:47,65748.35,-2823.33,86.69,7,0.0
2026-09-06 16:41:02,65796.66,-2823.33,135.0,7,0.0
2026-09-06 17:41:15,65808.88,-2823.33,147.22,7,0.0
2026-09-06 18:41:28,65820.82,-2816.59,152.42,6,17.57
2026-09-06 19:41:42,65802.38,-2816.59,133.98,6,17.57
2026-09-06 20:41:59,65799.12,-2822.53,136.66,7,17.57
2026-09-06 21:42:12,65943.69,-2834.36,293.06,9,17.57
2026-09-06 22:42:25,65942.89,-2834.37,292.27,9,17.57
2026-09-06 23:42:36,66014.67,-2834.36,364.04,9,17.57
2026-09-07 00:42:48,66074.51,-2834.36,423.88,9,0.0
2026-09-07 01:43:01,65972.94,-2822.85,310.8,8,15.31
2026-09-07 02:43:14,66052.38,-2822.85,390.24,8,15.31
2026-09-07 03:43:29,65850.4,-2822.85,188.26,8,15.31
2026-09-07 04:43:41,65866.9,-2822.85,204.76,8,15.31
2026-09-07 05:43:53,66037.91,-2822.84,375.76,8,15.31
2026-09-07 06:44:07,66006.96,-2841.29,363.26,8,11.57
2026-09-07 07:44:23,65814.76,-2847.25,177.02,9,11.57
2026-09-07 08:44:35,65879.2,-2748.41,142.62,8,112.02
2026-09-07 09:44:54,65935.26,-2748.41,198.68,8,112.02
2026-09-07 10:45:09,65953.48,-2754.35,222.84,9,112.02
2026-09-07 11:45:22,65952.9,-2670.15,138.06,8,206.27
2026-09-07 12:45:40,66012.69,-2648.57,176.27,8,247.7
2026-09-07 13:45:55,66074.64,-2648.56,238.21,8,247.7
2026-09-07 14:46:14,65958.66,-2672.94,146.61,8,236.73
2026-09-07 15:46:30,65831.23,-2678.91,25.15,9,236.73
2026-09-07 16:46:47,65967.91,-2678.9,161.82,9,236.73
2026-09-07 17:47:00,65994.74,-2684.84,194.59,10,236.73
2026-09-07 18:47:15,65911.81,-2684.84,111.66,10,236.73
2026-09-07 19:47:32,65989.75,-2684.85,189.61,10,236.73
2026-09-07 20:47:50,65909.13,-2714.88,139.02,8,242.19
2026-09-07 21:48:03,65928.13,-2714.88,158.02,8,242.19
2026-09-07 22:48:19,65816.76,-2720.8,52.57,9,242.19
2026-09-07 23:48:32,65890.58,-2720.81,126.4,9,242.19
2026-09-08 00:48:46,66043.26,-2720.81,279.08,9,0.0
2026-09-08 01:49:00,66052.79,-2726.76,294.56,10,0.0
2026-09-08 02:49:12,65977.19,-2726.76,218.96,10,0.0
2026-09-08 03:49:25,65893.46,-2726.76,135.23,10,0.0
2026-09-08 04:49:37,65882.12,-2726.76,123.89,10,0.0
2026-09-08 05:49:50,65881.49,-2726.76,123.26,10,0.0
2026-09-08 06:50:02,65796.72,-2726.75,38.48,10,0.0
2026-09-08 07:50:18,65750.35,-2773.37,38.73,9,-25.55
2026-09-08 08:50:31,65755.1,-2774.44,44.55,9,-25.55
2026-09-08 09:50:45,65887.62,-2773.37,176.0,9,-25.55
2026-09-08 10:50:57,65833.73,-2785.24,133.98,11,-25.55
2026-09-08 11:51:10,65600.75,-2844.07,-40.17,10,-73.79
2026-09-08 12:51:23,65723.52,-2844.07,82.6,10,-73.79
2026-09-08 13:51:31,65580.86,-2497.35,-406.78,5,-106.62
2026-09-08 14:51:48,65757.99,-2640.08,-86.92,4,-262.17
2026-09-08 15:52:12,65808.98,-2659.82,-16.19,3,-280.11
2026-09-08 16:52:29,65763.51,-2659.82,-61.66,3,-280.11
2026-09-08 17:53:02,65728.09,-2680.0,-76.9,2,-292.15
2026-09-08 18:53:17,65724.74,-2765.87,5.62,3,-374.73
2026-09-08 19:54:16,65640.46,-2801.95,-42.58,6,-402.93
2026-09-08 20:54:25,65642.16,-2797.14,-45.69,6,-402.93
2026-09-08 21:54:51,65619.27,-2797.14,-68.58,6,-402.93
2026-09-08 22:55:15,65634.78,-2807.77,-42.44,5,-402.34
2026-09-08 23:55:32,65653.33,-2807.76,-23.9,5,-402.34
2026-09-09 00:55:49,65636.61,-2807.77,-40.61,5,0.0
2026-09-09 01:56:07,65595.08,-2819.59,-70.32,7,0.0
2026-09-09 02:56:22,65583.39,-2825.5,-76.1,8,0.0
2026-09-09 03:56:38,65554.02,-2825.51,-105.46,8,0.0
2026-09-09 04:56:53,65556.31,-2825.51,-103.17,8,0.0
2026-09-09 05:57:09,65584.38,-2825.5,-75.11,8,-46.16
2026-09-09 06:57:22,65591.54,-2825.51,-67.94,8,-46.16
2026-09-09 07:57:35,65605.56,-2826.37,-53.06,8,-76.5
2026-09-09 08:57:52,65634.19,-2826.37,-24.43,8,-106.33
2026-09-09 09:58:05,65622.7,-2826.36,-35.93,8,-106.33
2026-09-09 10:58:18,65472.77,-2827.47,-184.75,8,-106.33
2026-09-09 11:58:33,65434.09,-2826.19,-224.71,8,-106.33
2026-09-09 12:58:47,65543.38,-2827.88,-113.73,8,-106.33
2026-09-09 13:59:54,65494.05,-3000.79,9.85,4,-106.33
2026-09-09 15:00:22,65515.46,-3000.78,31.25,4,-106.33
2026-09-09 16:00:44,65335.79,-3136.74,-12.46,2,-193.73
2026-09-09 17:00:58,65343.34,-3136.73,-4.92,2,-193.73
2026-09-09 18:01:11,65340.99,-3136.74,-7.26,2,-193.73
2026-09-09 19:01:20,65321.97,-3170.47,7.45,2,-228.53
2026-09-09 20:01:52,65252.41,-3170.47,-62.11,2,-228.53
2026-09-09 21:02:08,65269.79,-3170.46,-44.74,2,-228.53
2026-09-09 22:02:24,65225.12,-3170.47,-89.4,2,-228.53
2026-09-09 23:02:39,65166.72,-3170.47,-147.8,2,-228.53
2026-09-10 00:02:57,65186.19,-3188.09,-110.71,5,0.0
2026-09-10 01:03:10,65233.47,-3188.09,-63.43,5,0.0
2026-09-10 02:03:24,65137.83,-3231.71,-115.45,4,-25.9
2026-09-10 03:03:43,65204.62,-3327.17,46.8,3,-113.48
2026-09-10 04:04:04,65189.26,-3327.17,31.44,3,-113.48
2026-09-10 05:04:18,65177.36,-3333.05,25.42,4,-113.48
2026-09-10 06:04:37,65196.81,-3333.06,44.88,4,-113.48
2026-09-10 07:04:58,65148.03,-3333.06,-3.9,4,-113.48
2026-09-10 08:05:12,65085.17,-9881.31,6481.49,4,-113.48
2026-09-10 09:05:26,65084.2,-9881.32,6480.53,4,-113.48
2026-09-10 10:05:41,65079.98,-9881.32,6476.31,4,-113.48
2026-09-10 11:05:55,65081.74,-9881.32,6478.07,4,-113.48
2026-09-10 12:06:10,65132.0,-9881.31,6528.32,4,-113.48
2026-09-10 13:06:24,64888.51,-9881.32,6284.84,4,-113.48
2026-09-10 14:07:12,64940.73,-9881.63,6337.37,8,-113.48
2026-09-10 15:07:16,64780.16,-9956.62,6251.79,7,-177.09
2026-09-10 16:07:30,64773.29,-9956.75,6245.05,8,-177.09
2026-09-10 17:07:38,64780.31,-9956.05,6251.37,8,-177.09
2026-09-10 18:08:46,64859.18,-9956.75,6330.94,8,-177.09
2026-09-10 19:09:09,64871.34,-9956.75,6343.1,8,-177.09
2026-09-10 20:09:27,64890.79,-9956.76,6362.56,8,-177.09
2026-09-10 21:09:45,64866.61,-9956.75,6338.37,8,-205.65
2026-09-10 22:10:00,64863.07,-9956.75,6334.83,8,-205.65
2026-09-10 23:10:16,64689.68,-3495.31,-300.0,7,-271.82
2026-09-11 00:10:41,64661.79,-3744.91,-78.29,5,0.0
2026-09-11 01:10:55,64663.08,-3744.91,-77.0,5,0.0
2026-09-11 02:11:12,64636.85,-3756.55,-91.59,7,0.0
2026-09-11 03:11:25,64628.48,-3756.55,-99.96,7,0.0
2026-09-11 04:11:39,64634.09,-3756.55,-94.35,7,0.0
2026-09-11 05:11:59,64669.97,-3854.92,39.9,6,-86.91
2026-09-11 06:12:17,64647.41,-3854.93,17.35,6,-86.91
2026-09-11 07:12:31,64732.29,-3860.75,108.05,7,-86.91
2026-09-11 08:12:44,64629.9,-3861.14,6.05,7,-86.91
2026-09-11 09:12:58,64651.06,-3861.14,27.21,7,-86.91
2026-09-11 10:13:14,64593.8,-3861.14,-30.05,7,-133.83
2026-09-11 11:13:26,64494.86,-3861.14,-128.99,7,-133.83
2026-09-11 12:13:44,64542.95,-3861.14,-80.9,7,-133.83
2026-09-11 13:13:57,64702.32,-3861.14,78.47,7,-133.83
2026-09-11 14:14:46,64969.49,-3879.52,364.02,8,-42.27
2026-09-11 15:15:13,64865.37,-3879.61,259.99,8,-42.27
2026-09-11 16:15:34,64782.62,-3879.52,177.15,8,-42.27
2026-09-11 17:15:43,64786.61,-3879.47,181.09,8,-42.27
2026-09-11 18:16:52,64630.38,-3932.04,77.43,7,-92.09
2026-09-11 19:17:19,64639.58,-3932.04,86.63,7,-92.09
2026-09-11 20:17:22,64727.77,-3932.04,174.82,7,-92.09
2026-09-11 21:17:36,64725.01,-3932.04,172.06,7,-92.09
2026-09-11 22:17:50,64632.16,-3932.04,79.21,7,-92.09
2026-09-11 23:18:04,64633.43,-3932.04,80.48,7,-92.09
2026-09-12 00:18:19,64643.18,-3932.04,90.23,7,0.0
2026-09-12 01:18:32,64690.33,-3932.04,137.38,7,0.0
2026-09-12 02:18:59,64667.05,-3851.57,33.63,5,98.22
2026-09-12 03:19:22,64692.37,-3851.56,58.94,5,98.22
2026-09-12 04:19:36,64688.35,-3851.56,54.92,5,98.22
2026-09-12 05:19:51,64685.3,-3851.56,51.87,5,98.22
2026-09-12 06:20:05,64663.62,-3851.56,30.19,5,98.22
2026-09-12 07:20:19,64670.28,-3816.64,1.93,4,142.22
2026-09-12 08:20:34,64670.19,-3816.73,1.93,4,142.22
2026-09-12 09:20:50,64670.19,-3816.73,1.93,4,142.22
2026-09-12 10:21:03,64670.19,-3816.73,1.93,4,142.22
2026-09-12 11:21:19,64670.19,-3816.73,1.93,4,142.22
2026-09-12 12:21:36,64670.19,-3816.73,1.93,4,142.22
2026-09-12 13:21:54,64670.19,-3816.73,1.93,4,142.22
2026-09-12 14:22:13,64670.19,-3816.73,1.93,4,143.51
2026-09-12 15:22:30,64627.72,-3842.85,-14.42,5,149.7
2026-09-12 16:22:44,64627.72,-3842.85,-14.42,5,149.7
2026-09-12 17:22:59,64627.72,-3842.85,-14.42,5,149.7
2026-09-12 18:23:13,64573.1,-3854.49,-57.4,7,149.7
2026-09-12 19:23:31,64560.28,-3860.3,-64.41,8,149.7
2026-09-12 20:23:46,64566.6,-3866.12,-52.27,9,149.7
2026-09-12 21:23:58,64568.4,-3866.12,-50.47,9,149.7
2026-09-12 22:24:09,64567.72,-3866.13,-51.14,9,149.7
2026-09-12 23:24:23,64563.58,-3866.13,-55.28,9,149.7
2026-09-13 00:24:35,64545.18,-3866.12,-73.69,9,0.0
2026-09-13 01:24:49,64565.95,-3866.12,-52.92,9,0.0
2026-09-13 02:25:02,64516.46,-3883.56,-84.97,12,0.0
2026-09-13 03:25:14,64493.48,-3883.56,-107.95,12,0.0
2026-09-13 04:25:25,64458.21,-3883.56,-143.22,12,0.0
2026-09-13 05:25:37,64480.75,-3883.56,-120.68,12,0.0
2026-09-13 06:25:49,64532.65,-3971.44,19.1,11,-83.68
2026-09-13 07:26:01,64458.0,-3971.79,-55.2,11,-83.68
2026-09-13 08:26:13,64321.39,-3971.79,-191.81,11,-83.68
2026-09-13 09:26:26,64182.2,-4160.46,-142.33,8,-229.64
2026-09-13 10:26:43,64171.22,-4160.46,-153.31,8,-229.64
2026-09-13 11:26:54,64146.4,-4160.46,-178.13,8,-229.64
2026-09-13 12:27:06,64184.14,-4160.45,-140.4,8,-229.64
2026-09-13 13:27:19,64160.14,-4160.46,-164.39,8,-229.64
2026-09-13 14:27:35,64230.86,-4160.46,-93.67,8,-229.64
2026-09-13 15:27:51,64247.21,-4166.89,-70.89,9,-229.64
2026-09-13 16:28:05,64275.27,-4166.9,-42.82,9,-229.64
2026-09-13 17:28:17,64309.8,-4166.9,-8.29,9,-229.64
2026-09-13 18:28:29,64315.2,-4229.0,59.21,7,-270.37
2026-09-13 19:28:43,64329.5,-4170.12,14.63,6,-208.68
2026-09-13 20:29:00,64317.72,-4177.63,10.36,5,-200.19
2026-09-13 21:29:17,64293.77,-4190.5,-0.72,7,-200.19
2026-09-13 22:29:30,64119.67,-4190.5,-174.82,7,-200.19
2026-09-13 23:29:42,64122.32,-4190.5,-172.17,7,-200.19
2026-09-14 00:29:55,64040.85,-4190.5,-253.64,7,0.0
2026-09-14 01:30:08,64027.98,-4190.5,-266.51,7,0.0
2026-09-14 02:30:21,64122.64,-4190.5,-171.85,7,0.0
2026-09-14 03:30:36,64130.06,-4190.5,-164.43,7,0.0
2026-09-14 04:30:48,64184.1,-4190.5,-110.39,7,0.0
2026-09-14 05:31:00,64191.74,-4196.94,-96.31,8,0.0
2026-09-14 06:31:14,64209.59,-4196.94,-78.46,8,0.0
2026-09-14 07:31:29,64177.85,-4196.94,-110.2,8,0.0
2026-09-14 08:31:45,64181.47,-4196.94,-106.58,8,0.0
2026-09-14 09:31:59,64134.04,-4196.94,-154.01,8,0.0
2026-09-14 10:32:10,64173.76,-4196.94,-114.29,8,0.0
2026-09-14 11:32:22,64207.1,-4196.94,-80.95,8,0.0
2026-09-14 12:32:35,64112.06,-4196.94,-175.99,8,0.0
2026-09-14 13:33:12,64105.54,-4299.73,-79.72,6,0.0
2026-09-14 14:34:08,64085.63,-4375.45,-23.91,7,-10.86
2026-09-14 15:34:47,63962.9,-4473.84,-48.25,7,-71.29
2026-09-14 16:35:27,64029.45,-4473.61,18.07,8,-71.29
2026-09-14 17:36:07,64096.12,-4501.83,112.96,8,-98.17
2026-09-14 18:36:48,64125.21,-4459.53,99.75,7,-43.74
2026-09-14 19:37:28,64071.6,-4464.32,50.93,3,-26.8
2026-09-14 20:38:16,64017.19,-4480.62,12.82,2,41.62
2026-09-14 21:38:44,64011.97,-4480.62,7.6,2,41.62
2026-09-14 22:39:32,64010.37,-4480.62,6.0,2,41.62
2026-09-14 23:39:49,64009.93,-4480.62,5.56,2,41.62
2026-09-15 00:40:03,64013.54,-4480.62,9.17,2,0.0
2026-09-15 01:40:17,64012.94,-4480.62,8.57,2,0.0
2026-09-15 02:40:30,64016.21,-4480.62,11.84,2,0.0
2026-09-15 03:40:54,63935.81,-4520.23,-28.95,6,2.84
2026-09-15 04:41:07,63916.58,-4533.03,-35.38,8,2.84
2026-09-15 05:41:17,63829.78,-4533.02,-122.19,8,2.84
2026-09-15 06:41:30,63859.41,-4533.02,-92.56,8,2.84
2026-09-15 07:41:44,63819.21,-4533.03,-132.75,8,2.84
2026-09-15 08:41:57,63751.02,-4648.72,-85.25,6,-95.1
2026-09-15 09:42:12,63752.46,-4648.72,-83.81,6,-95.1
2026-09-15 10:42:27,63766.57,-4648.72,-69.7,6,-95.1
2026-09-15 11:42:48,63716.32,-4648.72,-119.95,6,-95.1
2026-09-15 12:43:01,63764.04,-4648.72,-72.23,6,-95.1
2026-09-15 13:43:38,63802.39,-4649.18,-33.42,6,-95.1
2026-09-15 14:44:28,63816.17,-4746.21,77.39,8,-186.63
2026-09-15 15:45:27,63591.95,-4892.22,-0.82,8,-297.51
2026-09-15 16:46:33,63569.04,-4891.35,-24.6,8,-297.51
2026-09-15 17:47:36,63613.58,-4903.79,32.38,8,-310.05
2026-09-15 18:47:36,63348.7,-4926.85,-209.44,8,-331.61
2026-09-15 19:47:38,63327.64,-5131.56,-25.79,8,-528.1
2026-09-15 20:48:28,63285.61,-5131.56,-67.82,8,-528.1
2026-09-15 21:48:42,63233.42,-5131.56,-120.01,8,-528.1
2026-09-15 22:48:59,63220.0,-5131.56,-133.43,8,-528.1
2026-09-15 23:49:12,63229.16,-5131.56,-124.27,8,-528.1
2026-09-16 00:49:27,63261.4,-5131.57,-92.02,8,0.0
2026-09-16 01:49:39,63238.61,-5131.57,-114.81,8,0.0
2026-09-16 02:49:58,63230.95,-5131.56,-122.48,8,-22.02
2026-09-16 03:50:12,63250.94,-5194.84,-39.21,7,-88.68
2026-09-16 04:50:28,63269.28,-5194.84,-20.87,7,-88.68
2026-09-16 05:50:39,63270.03,-5194.84,-20.12,7,-88.68
2026-09-16 06:50:56,63224.64,-5201.17,-59.18,8,-88.68
2026-09-16 07:51:10,63191.84,-94785.28,89492.13,9,-88.68
2026-09-16 08:51:25,63111.05,-94785.29,89411.35,9,-88.68
2026-09-16 09:51:38,63240.4,-94785.29,89540.7,9,-88.68
2026-09-16 10:06:20,63262.07,-11548.47,6325.55,8,0.0
2026-09-16 11:06:38,63206.57,-5342.5,64.08,6,89469.22
2026-09-16 12:06:56,63211.71,-5342.5,69.22,6,89469.22
2026-09-16 13:07:11,63188.82,-5342.5,46.33,6,89469.22
2026-09-16 14:07:11,63198.16,-5260.66,-26.17,7,89567.86
2026-09-16 15:07:56,63261.22,-5261.76,37.99,8,89567.86
2026-09-16 16:08:40,63270.0,-5168.83,-46.16,7,89661.1
2026-09-16 17:09:46,63247.25,-5169.38,-68.36,8,89661.1
2026-09-16 18:10:00,63237.23,-5246.81,-0.95,7,89601.43
2026-09-16 19:10:45,63034.69,-5462.1,11.8,8,89385.7
2026-09-16 20:11:02,62990.0,-5481.76,-13.23,8,89347.16
2026-09-16 21:11:23,62962.61,-5486.99,-35.39,9,89286.43
2026-09-16 22:11:40,62915.42,-5486.99,-82.58,9,89235.28
2026-09-16 23:11:53,62851.4,-5486.99,-146.6,9,89235.28
2026-09-17 00:12:06,62885.81,-5486.99,-112.19,9,0.0
2026-09-17 01:12:21,62868.12,-5486.98,-129.89,9,0.0
2026-09-17 02:12:39,62900.15,-5508.07,-76.77,9,-9.33
2026-09-17 03:12:55,62838.23,-5452.67,-194.09,8,59.66
2026-09-17 04:13:21,62831.9,-5452.67,-200.42,8,42.49
2026-09-17 05:13:35,62839.81,-5452.67,-192.51,8,42.49
2026-09-17 06:13:52,62898.24,-5452.67,-134.08,8,42.49
2026-09-17 07:14:07,62860.26,-5452.67,-172.06,8,42.49
2026-09-17 08:14:25,62863.35,-5458.61,-163.03,9,42.49
2026-09-17 09:14:39,62776.75,-5458.96,-249.28,9,42.49
2026-09-17 10:14:54,62799.18,-5458.97,-226.84,9,39.37
2026-09-17 11:15:09,62805.29,-5458.97,-220.73,9,39.37
2026-09-17 12:15:23,62737.91,-5458.96,-288.12,9,39.37
2026-09-17 13:15:42,62714.42,-5458.77,-311.8,9,39.37
2026-09-17 14:16:16,62731.82,-5939.62,186.45,8,-17.6
2026-09-17 15:17:13,62662.67,-5988.22,165.9,7,-67.9
2026-09-17 16:18:21,62717.9,-5988.59,221.5,8,-67.9
2026-09-17 17:19:21,62734.07,-5988.21,237.29,8,-67.9
2026-09-17 18:20:04,62738.74,-5988.21,241.96,8,-67.9
2026-09-17 19:20:40,62689.52,-5987.87,192.4,8,-67.9
2026-09-17 20:21:05,62706.99,-5987.64,209.64,8,-67.9
2026-09-17 21:21:32,62697.12,-5844.84,56.97,7,102.1
2026-09-17 22:21:49,62681.52,-5844.84,41.37,7,102.1
2026-09-17 23:22:08,62686.28,-5851.12,52.41,8,102.1
2026-09-18 00:22:24,62663.68,-5851.12,29.81,8,0.0
2026-09-18 01:22:52,62657.39,-5851.13,23.53,8,0.0
2026-09-18 02:23:06,62727.07,-5851.13,93.21,8,0.0
2026-09-18 03:23:34,62853.79,-5739.23,108.03,7,122.12
2026-09-18 04:23:53,62873.57,-5739.23,127.81,7,122.12
2026-09-18 05:24:16,62893.4,-5739.23,147.64,7,122.12
2026-09-18 06:24:49,62956.51,-5739.23,210.75,7,122.12
2026-09-18 07:25:34,63007.11,-5745.54,267.66,8,122.12
2026-09-18 08:25:52,63011.08,-5745.53,271.62,8,122.12
2026-09-18 09:26:38,63034.2,-5745.45,294.66,8,122.12
2026-09-18 10:26:52,63039.95,-5745.53,300.49,8,122.12
2026-09-18 11:27:07,62936.75,-5745.53,197.29,8,122.12
2026-09-18 12:27:24,62881.55,-5745.52,142.08,8,97.0
2026-09-18 13:27:41,62906.18,-5745.42,166.61,8,97.0
2026-09-18 14:28:48,63111.01,-5654.39,280.41,8,207.0
2026-09-18 15:29:29,63131.89,-5654.54,301.44,8,207.0
2026-09-18 16:30:09,63145.89,-5685.51,346.41,7,173.78
2026-09-18 17:30:43,63123.56,-5702.83,341.4,6,157.0
2026-09-18 18:31:55,63113.66,-5703.64,332.31,6,157.0
2026-09-18 19:32:43,63116.2,-5742.88,374.09,6,116.47
2026-09-18 20:33:19,63198.25,-5743.03,456.29,6,116.47
2026-09-18 21:33:34,63217.0,-5743.04,475.05,6,116.47
2026-09-18 22:33:51,63217.26,-5743.03,475.3,6,116.47
2026-09-18 23:34:07,63137.27,-5521.16,173.44,6,364.61
2026-09-19 00:34:24,63121.99,-5521.16,158.16,6,0.0
2026-09-19 01:34:45,63121.98,-5521.16,158.15,6,0.0
2026-09-19 02:35:00,63155.92,-5533.8,204.73,8,0.0
2026-09-19 03:35:17,63139.16,-5533.8,187.97,8,0.0
2026-09-19 04:35:33,63086.27,-5533.8,135.08,8,0.0
2026-09-19 05:35:48,63109.05,-5533.8,157.86,8,0.0
2026-09-19 06:36:02,63029.02,-5533.8,77.83,8,0.0
2026-09-19 07:21:51,63057.46,-5360.76,-66.77,7,0.0
2026-09-19 07:23:05,63056.49,-5360.75,-67.75,7,0.0
2026-09-19 07:24:18,63056.49,-5360.75,-67.75,7,0.0
2026-09-19 07:29:38,63053.29,-5360.76,-70.94,7,0.0
2026-09-19 07:30:49,63053.29,-5360.76,-70.94,7,0.0
2026-09-19 07:32:00,63044.41,-5360.76,-79.82,7,0.0
2026-09-19 08:32:15,63059.48,-12229.67,6804.16,7,0.0
2026-09-19 09:32:28,63078.88,-12227.62,6821.51,7,0.0
2026-09-19 10:23:26,63084.13,-12229.68,6828.82,7,0.0
2026-09-19 10:24:38,63084.13,-12229.68,6828.82,7,0.0
2026-09-19 10:25:49,63084.13,-12229.68,6828.82,7,0.0
2026-09-19 10:31:09,63086.77,-5397.59,-0.63,6,0.0
2026-09-19 10:32:22,63086.77,-5397.59,-0.63,6,0.0
2026-09-19 10:33:36,63086.77,-5397.59,-0.63,6,0.0
2026-09-19 10:41:00,63088.12,-5397.59,0.72,6,0.0
2026-09-19 10:42:20,63088.12,-5397.59,0.72,6,0.0
2026-09-19 10:43:42,63090.58,-5397.6,3.19,6,0.0
2026-09-19 10:46:08,63088.0,-5397.59,0.6,6,0.0
2026-09-19 10:47:30,63088.0,-5397.59,0.6,6,0.0
2026-09-19 10:48:55,63089.1,-5397.6,1.71,6,0.0
2026-09-19 10:50:19,63090.26,-5397.6,2.87,6,0.0
2026-09-19 10:51:43,63090.26,-5397.6,2.87,6,0.0
2026-09-19 10:53:06,63090.26,-5397.6,2.87,6,0.0
2026-09-19 10:54:28,63090.26,-5397.6,2.87,6,0.0
2026-09-19 10:55:53,63090.66,-5397.59,3.26,6,0.0
2026-09-19 10:57:17,63090.17,-5397.6,2.78,6,0.0
2026-09-19 10:58:41,63090.17,-5397.6,2.78,6,0.0
2026-09-19 11:00:04,63085.85,-5397.59,-1.55,6,0.0
2026-09-19 11:01:26,63086.98,-5397.59,-0.42,6,0.0
2026-09-19 11:02:51,63088.32,-5397.59,0.92,6,0.0
2026-09-19 11:04:14,63090.35,-5397.59,2.95,6,0.0
2026-09-19 11:05:37,63090.35,-5397.59,2.95,6,0.0
2026-09-19 11:06:57,63097.7,-5397.6,10.31,6,0.0
2026-09-19 11:08:21,63098.53,-5397.6,11.14,6,0.0
2026-09-19 11:09:46,63098.92,-5397.6,11.53,6,0.0
2026-09-19 11:12:12,63098.92,-5397.6,11.53,6,0.0
2026-09-19 11:14:36,63099.49,-5397.59,12.09,6,0.0
2026-09-19 11:16:00,63099.27,-5397.6,11.88,6,0.0
2026-09-19 11:17:22,63099.27,-5397.6,11.88,6,0.0
2026-09-19 11:18:46,63099.27,-5397.6,11.88,6,0.0
2026-09-19 11:20:09,63099.27,-5397.6,11.88,6,0.0
2026-09-19 11:21:33,63100.23,-5397.6,12.84,6,0.0
2026-09-19 11:22:53,63100.9,-5397.59,13.5,6,0.0
2026-09-19 11:26:22,63111.19,-5397.59,23.79,6,0.0
2026-09-19 11:27:45,63111.19,-5397.59,23.79,6,0.0
2026-09-19 11:29:07,63108.78,-5397.59,21.38,6,0.0
2026-09-19 11:30:31,63108.78,-5397.59,21.38,6,0.0
2026-09-19 11:31:52,63107.71,-5397.59,20.31,6,0.0
2026-09-19 11:33:12,63107.71,-5397.59,20.31,6,0.0
2026-09-19 11:34:33,63107.71,-5397.59,20.31,6,0.0
2026-09-19 11:35:54,63099.92,-5397.59,12.52,6,0.0
2026-09-19 11:37:16,63099.15,-5397.59,11.75,6,0.0
2026-09-19 11:38:40,63099.23,-5397.6,11.84,6,0.0
2026-09-19 11:40:04,63099.23,-5397.6,11.84,6,0.0
2026-09-19 11:41:25,63098.52,-5397.59,11.12,6,0.0
2026-09-19 11:43:51,63099.04,-5397.6,11.65,6,0.0
2026-09-19 11:45:13,63093.85,-5397.59,6.45,6,0.0
2026-09-19 11:46:38,63105.05,-5397.59,17.65,6,0.0
2026-09-19 11:48:01,63105.3,-5397.59,17.9,6,0.0
2026-09-19 11:49:26,63104.29,-5397.59,16.89,6,0.0
2026-09-19 11:50:50,63104.29,-5397.59,16.89,6,0.0
2026-09-19 11:52:15,63098.26,-5397.6,10.87,6,0.0
2026-09-19 11:53:42,63100.37,-5397.59,12.97,6,0.0
2026-09-19 11:55:05,63108.89,-5397.59,21.49,6,0.0
2026-09-19 11:56:29,63110.2,-5397.59,22.8,6,0.0
2026-09-19 11:57:54,63110.2,-5397.59,22.8,6,0.0
2026-09-19 11:59:18,63110.2,-5397.59,22.8,6,0.0
2026-09-19 12:00:44,63111.43,-5397.6,24.04,6,0.0
2026-09-19 12:02:07,63107.41,-5397.6,20.02,6,0.0
2026-09-19 12:03:31,63107.41,-5397.6,20.02,6,0.0
2026-09-19 12:04:55,63107.41,-5397.6,20.02,6,0.0
2026-09-19 12:06:16,63107.41,-5397.6,20.02,6,0.0
2026-09-19 12:07:38,63107.41,-5397.6,20.02,6,0.0
2026-09-19 12:09:02,63109.43,-5397.59,22.03,6,0.0
2026-09-19 12:10:26,63110.46,-5397.59,23.06,6,0.0
2026-09-19 12:11:48,63109.71,-5397.59,22.31,6,0.0
2026-09-19 12:13:12,63109.71,-5397.59,22.31,6,0.0
2026-09-19 12:14:35,63109.71,-5397.59,22.31,6,0.0
2026-09-19 12:15:56,63110.71,-5397.6,23.32,6,0.0
2026-09-19 12:17:21,63109.71,-5397.59,22.31,6,0.0
2026-09-19 12:18:46,63109.16,-5397.59,21.76,6,0.0
2026-09-19 12:20:08,63109.16,-5397.59,21.76,6,0.0
2026-09-19 12:21:31,63108.86,-5397.59,21.46,6,0.0
2026-09-19 12:22:55,63108.66,-5397.59,21.26,6,0.0
2026-09-19 12:24:17,63109.34,-5397.59,21.94,6,0.0
2026-09-19 12:25:40,63109.34,-5397.59,21.94,6,0.0
2026-09-19 12:27:01,63109.34,-5397.59,21.94,6,0.0
2026-09-19 12:28:24,63109.34,-5397.59,21.94,6,0.0
2026-09-19 12:29:46,63105.83,-5397.6,18.44,6,0.0
2026-09-19 12:32:12,63105.65,-5397.59,18.25,6,0.0
2026-09-19 12:33:35,63092.15,-5407.04,14.2,6,0.0
2026-09-19 12:34:58,63101.6,-5397.59,14.2,6,0.0
2026-09-19 12:36:20,63103.93,-5397.59,16.53,6,0.0
2026-09-19 12:37:44,63103.85,-5397.59,16.45,6,0.0
2026-09-19 12:40:12,63103.2,-5397.59,15.8,6,0.0
2026-09-19 12:41:35,63103.0,-5397.59,15.6,6,0.0
2026-09-19 12:44:01,63103.43,-5397.6,16.04,6,0.0
2026-09-19 12:45:25,63103.95,-5397.6,16.56,6,0.0
2026-09-19 12:46:48,63103.95,-5397.6,16.56,6,0.0
2026-09-19 12:48:09,63103.95,-5397.6,16.56,6,0.0
2026-09-19 12:49:33,63103.95,-5397.6,16.56,6,0.0
2026-09-19 12:50:57,63103.95,-5397.6,16.56,6,0.0
2026-09-19 12:52:17,63103.77,-5397.59,16.37,6,0.0
2026-09-19 12:53:39,63103.77,-5397.59,16.37,6,0.0
2026-09-19 12:55:04,63103.77,-5397.59,16.37,6,0.0
2026-09-19 12:56:27,63104.88,-5397.59,17.48,6,0.0
2026-09-19 12:57:48,63105.56,-5397.6,18.17,6,0.0
2026-09-19 12:59:11,63105.74,-5397.6,18.35,6,0.0
2026-09-19 13:00:33,63105.74,-5397.6,18.35,6,0.0
2026-09-19 13:01:57,63105.74,-5397.6,18.35,6,0.0
2026-09-19 13:03:19,63104.75,-5397.59,17.35,6,0.0
2026-09-19 13:04:42,63105.63,-5397.59,18.23,6,0.0
2026-09-19 13:06:05,63105.63,-5397.59,18.23,6,0.0
2026-09-19 13:07:27,63103.53,-5397.59,16.13,6,0.0
2026-09-19 13:09:52,63103.53,-5397.59,16.13,6,0.0
2026-09-19 13:11:14,63103.53,-5397.59,16.13,6,0.0
2026-09-19 13:12:38,63103.53,-5397.59,16.13,6,0.0
2026-09-19 13:14:02,63102.54,-5397.6,15.15,6,0.0
2026-09-19 13:15:24,63102.32,-5397.6,14.93,6,0.0
2026-09-19 13:16:49,63102.32,-5397.6,14.93,6,0.0
2026-09-19 13:18:08,63104.61,-5397.59,17.21,6,0.0
2026-09-19 13:19:29,63103.22,-5397.6,15.83,6,0.0
2026-09-19 13:20:49,63131.51,-5397.59,44.11,6,0.0
2026-09-19 13:23:12,63131.51,-5397.59,44.11,6,0.0
2026-09-19 13:25:34,63130.27,-5397.59,42.87,6,0.0
2026-09-19 13:26:55,63130.27,-5397.59,42.87,6,0.0
2026-09-19 13:28:19,63130.94,-5397.6,43.55,6,0.0
2026-09-19 13:29:42,63130.94,-5397.6,43.55,6,0.0
2026-09-19 13:31:07,63115.45,-5397.6,28.06,6,0.0
2026-09-19 13:32:31,63114.38,-5397.59,26.98,6,0.0
2026-09-19 13:34:57,63115.69,-5397.59,28.29,6,0.0
2026-09-19 13:36:22,63129.02,-5397.59,41.62,6,0.0
2026-09-19 13:37:47,63128.85,-5397.59,41.45,6,0.0
2026-09-19 13:39:13,63129.12,-5397.59,41.72,6,0.0
2026-09-19 13:40:36,63129.37,-5397.59,41.97,6,0.0
2026-09-19 13:42:01,63127.46,-5397.59,40.06,6,0.0
2026-09-19 13:43:25,63127.14,-5397.59,39.74,6,0.0
2026-09-19 13:44:47,63128.62,-5397.59,41.22,6,0.0
2026-09-19 13:46:10,63128.62,-5397.59,41.22,6,0.0
2026-09-19 13:47:33,63127.56,-5397.59,40.16,6,0.0
2026-09-19 13:48:55,63127.56,-5397.59,40.16,6,0.0
2026-09-19 13:51:21,63127.12,-5397.59,39.72,6,0.0
2026-09-19 13:52:44,63127.12,-5397.59,39.72,6,0.0
2026-09-19 13:54:07,63127.12,-5397.59,39.72,6,0.0
2026-09-19 13:55:30,63127.12,-5397.59,39.72,6,0.0
2026-09-19 13:56:53,63127.12,-5397.59,39.72,6,0.0
2026-09-19 13:58:17,63127.12,-5397.59,39.72,6,0.0
2026-09-19 13:59:40,63132.86,-5397.6,45.47,6,0.0
2026-09-19 14:01:03,63132.86,-5397.6,45.47,6,0.0
2026-09-19 14:02:28,63132.76,-5403.91,51.68,7,0.0
2026-09-19 14:03:52,63132.83,-5403.91,51.75,7,0.0
2026-09-19 14:05:16,63133.73,-5403.91,52.65,7,0.0
2026-09-19 14:06:39,63133.73,-5403.91,52.65,7,0.0
2026-09-19 14:08:02,63134.3,-5403.91,53.22,7,0.0
2026-09-19 14:09:26,63135.41,-5403.91,54.33,7,0.0
2026-09-19 14:10:50,63135.79,-5403.92,54.72,7,0.0
2026-09-19 14:12:12,63135.79,-5403.92,54.72,7,0.0
2026-09-19 14:13:35,63135.79,-5403.92,54.72,7,0.0
2026-09-19 14:14:59,63135.79,-5403.92,54.72,7,0.0
2026-09-19 14:16:23,63133.35,-5403.91,52.27,7,0.0
2026-09-19 14:17:46,63133.35,-5403.91,52.27,7,0.0
2026-09-19 14:19:10,63133.35,-5403.91,52.27,7,0.0
2026-09-19 14:20:32,63136.59,-5403.92,55.52,7,0.0
2026-09-19 14:21:55,63136.59,-5403.92,55.52,7,0.0
2026-09-19 14:23:19,63137.47,-5403.91,56.39,7,0.0
2026-09-19 14:24:37,63137.47,-5403.91,56.39,7,0.0
2026-09-19 14:26:01,63137.83,-5403.91,56.75,7,0.0
2026-09-19 14:27:21,63158.67,-5403.92,77.6,7,0.0
2026-09-19 14:28:45,63153.18,-5403.91,72.1,7,0.0
2026-09-19 14:30:09,63153.18,-5403.91,72.1,7,0.0
2026-09-19 14:31:30,63163.44,-5403.91,82.36,7,0.0
2026-09-19 14:32:52,63165.76,-5403.92,84.69,7,0.0
2026-09-19 14:34:17,63165.25,-5403.92,84.18,7,0.0
2026-09-19 14:35:37,63159.22,-5403.91,78.14,7,0.0
2026-09-19 14:37:02,63151.72,-5403.91,70.64,7,0.0
2026-09-19 14:39:27,63147.21,-5403.91,66.13,7,0.0
2026-09-19 14:40:49,63143.98,-5403.91,62.9,7,0.0
2026-09-19 14:42:14,63141.32,-5403.91,60.24,7,0.0
2026-09-19 14:43:38,63141.6,-5403.91,60.52,7,0.0
2026-09-19 14:45:02,63141.6,-5403.91,60.52,7,0.0
2026-09-19 14:46:25,63151.96,-5403.91,70.88,7,0.0
2026-09-19 14:47:49,63153.14,-5403.91,72.06,7,0.0
2026-09-19 14:49:13,63151.07,-5403.92,70.0,7,0.0
2026-09-19 14:50:37,63151.07,-5403.92,70.0,7,0.0
2026-09-19 14:53:03,63137.12,-5403.92,56.05,7,0.0
2026-09-19 14:54:25,63139.33,-5403.91,58.25,7,0.0
2026-09-19 14:55:47,63111.44,-5403.92,30.37,7,0.0
2026-09-19 14:58:13,63111.44,-5403.92,30.37,7,0.0
2026-09-19 14:59:31,63112.87,-5403.91,31.79,7,0.0
2026-09-19 15:00:53,63115.81,-5403.91,34.73,7,0.0
2026-09-19 15:02:18,63117.43,-5403.91,36.35,7,0.0
2026-09-19 15:03:44,63118.38,-5403.91,37.3,7,0.0
2026-09-19 15:05:07,63118.38,-5403.91,37.3,7,0.0
2026-09-19 15:07:33,63155.9,-5403.91,74.82,7,0.0
2026-09-19 15:10:00,63155.49,-5403.92,74.42,7,0.0
2026-09-19 15:11:25,63158.46,-5403.91,77.38,7,0.0
2026-09-19 15:12:49,63155.59,-5403.92,74.52,7,0.0
2026-09-19 15:14:13,63155.59,-5403.92,74.52,7,0.0
2026-09-19 15:15:37,63149.63,-5403.91,68.55,7,0.0
2026-09-19 15:17:01,63150.94,-5403.91,69.86,7,0.0
2026-09-19 15:18:26,63137.88,-5410.23,63.12,8,0.0
2026-09-19 15:19:50,63133.33,-5410.23,58.57,8,0.0
2026-09-19 15:21:13,63133.54,-5410.23,58.78,8,0.0
2026-09-19 15:22:32,63133.54,-5410.23,58.78,8,0.0
2026-09-19 15:23:53,63134.02,-5410.23,59.26,8,0.0
2026-09-19 15:25:14,63133.83,-5410.23,59.07,8,0.0
2026-09-19 15:26:36,63133.83,-5410.23,59.07,8,0.0
2026-09-19 15:27:56,63133.83,-5410.23,59.07,8,0.0
2026-09-19 15:29:19,63129.46,-5410.23,54.7,8,0.0
2026-09-19 15:30:41,63129.46,-5410.23,54.7,8,0.0
2026-09-19 15:32:05,63129.46,-5410.23,54.7,8,0.0
2026-09-19 15:33:29,63129.46,-5410.23,54.7,8,0.0
2026-09-19 15:34:51,63133.69,-5410.23,58.93,8,0.0
2026-09-19 15:36:13,63133.69,-5410.23,58.93,8,0.0
2026-09-19 15:37:37,63128.51,-5410.23,53.75,8,0.0
2026-09-19 15:39:01,63129.61,-5410.23,54.85,8,0.0
2026-09-19 15:40:24,63133.96,-5410.23,59.2,8,0.0
2026-09-19 15:41:47,63137.84,-5410.23,63.08,8,0.0
2026-09-19 15:43:12,63143.3,-5410.23,68.54,8,0.0
2026-09-19 15:44:36,63144.46,-5410.23,69.7,8,0.0
2026-09-19 15:45:59,63141.43,-5410.23,66.67,8,0.0
2026-09-19 15:47:24,63138.56,-5410.23,63.8,8,0.0
2026-09-19 15:49:52,63134.59,-5410.23,59.83,8,0.0
2026-09-19 15:51:18,63134.84,-5410.23,60.08,8,0.0
2026-09-19 15:52:43,63136.03,-5410.23,61.27,8,0.0
2026-09-19 15:54:07,63136.06,-5410.23,61.3,8,0.0
2026-09-19 15:55:31,63133.61,-5410.23,58.85,8,0.0
2026-09-19 15:56:56,63133.61,-5410.23,58.85,8,0.0
2026-09-19 15:58:20,63132.07,-5410.23,57.31,8,0.0
2026-09-19 15:59:46,63132.07,-5410.23,57.31,8,0.0
2026-09-19 16:01:09,63128.73,-5410.23,53.97,8,0.0
2026-09-19 16:03:34,63126.95,-5410.23,52.19,8,0.0
2026-09-19 16:04:57,63114.01,-5410.23,39.25,8,0.0
2026-09-19 16:06:22,63113.31,-5410.23,38.55,8,0.0
2026-09-19 16:07:45,63113.31,-5410.23,38.55,8,0.0
2026-09-19 16:09:08,63113.31,-5410.23,38.55,8,0.0
2026-09-19 16:10:29,63113.31,-5410.23,38.55,8,0.0
2026-09-19 16:12:54,63142.11,-5410.23,67.35,8,0.0
2026-09-19 16:15:14,63149.35,-5410.23,74.59,8,0.0
2026-09-19 16:16:37,63149.35,-5410.23,74.59,8,0.0
2026-09-19 16:17:59,63150.42,-5410.23,75.66,8,0.0
2026-09-19 16:19:22,63150.42,-5410.23,75.66,8,0.0
2026-09-19 16:20:45,63153.22,-5410.23,78.46,8,0.0
2026-09-19 16:22:07,63153.22,-5410.23,78.46,8,0.0
2026-09-19 16:23:30,63142.08,-5410.23,67.32,8,0.0
2026-09-19 16:24:53,63160.74,-5410.23,85.98,8,0.0
2026-09-19 16:26:12,63160.74,-5410.23,85.98,8,0.0
2026-09-19 16:27:35,63160.74,-5410.23,85.98,8,0.0
2026-09-19 16:28:56,63160.74,-5410.23,85.98,8,0.0
2026-09-19 16:30:19,63176.0,-5410.23,101.24,8,0.0
2026-09-19 16:31:46,63171.7,-5410.23,96.94,8,0.0
2026-09-19 16:33:10,63161.84,-5410.23,87.08,8,0.0
2026-09-19 16:34:35,63167.95,-5410.23,93.19,8,0.0
2026-09-19 16:36:01,63167.95,-5410.23,93.19,8,0.0
2026-09-19 16:37:25,63165.94,-5410.23,91.18,8,0.0
2026-09-19 16:38:51,63165.94,-5410.23,91.18,8,0.0
2026-09-19 16:40:17,63164.18,-5410.23,89.42,8,0.0
2026-09-19 16:41:42,63164.18,-5410.23,89.42,8,0.0
2026-09-19 16:43:10,63164.18,-5410.23,89.42,8,0.0
2026-09-19 16:44:37,63147.0,-5410.23,72.24,8,0.0
2026-09-19 16:46:02,63142.47,-5410.23,67.71,8,0.0
2026-09-19 16:47:31,63150.5,-5410.23,75.74,8,0.0
2026-09-19 16:49:02,63144.36,-5410.23,69.6,8,0.0
2026-09-19 16:50:31,63144.36,-5410.23,69.6,8,0.0
2026-09-19 16:52:01,63139.08,-5410.23,64.32,8,0.0
2026-09-19 16:53:30,63139.08,-5410.23,64.32,8,0.0
2026-09-19 16:54:54,63139.08,-5410.23,64.32,8,0.0
2026-09-19 16:56:22,63139.08,-5410.23,64.32,8,0.0
2026-09-19 16:57:51,63139.08,-5410.23,64.32,8,0.0
2026-09-19 17:00:20,63140.56,-5410.23,65.8,8,0.0
2026-09-19 17:01:44,63138.62,-5410.23,63.86,8,0.0
2026-09-19 17:03:09,63138.62,-5410.23,63.86,8,0.0
2026-09-19 17:04:34,63138.22,-5410.23,63.46,8,0.0
2026-09-19 17:05:54,63138.74,-5410.23,63.98,8,0.0
2026-09-19 17:07:17,63138.39,-5410.23,63.63,8,0.0
2026-09-19 17:08:42,63176.85,-5410.23,102.09,8,0.0
2026-09-19 17:10:05,63180.16,-5410.23,105.4,8,0.0
2026-09-19 17:11:32,63181.01,-5410.23,106.25,8,0.0
2026-09-19 17:12:58,63178.08,-5410.23,103.32,8,0.0
2026-09-19 17:14:22,63198.0,-5410.23,123.24,8,0.0
2026-09-19 17:15:46,63196.42,-5410.23,121.66,8,0.0
2026-09-19 17:17:09,63196.42,-5410.23,121.66,8,0.0
2026-09-19 17:18:32,63196.42,-5410.23,121.66,8,0.0
2026-09-19 17:19:55,63197.25,-5410.23,122.49,8,0.0
2026-09-19 17:21:18,63197.25,-5410.23,122.49,8,0.0
2026-09-19 17:22:41,63215.28,-5410.23,140.52,8,0.0
2026-09-19 17:24:03,63191.05,-5410.23,116.29,8,0.0
2026-09-19 17:25:24,63162.18,-5410.23,87.42,8,0.0
2026-09-19 17:26:45,63162.18,-5410.23,87.42,8,0.0
2026-09-19 17:28:05,63174.3,-5410.23,99.54,8,0.0
2026-09-19 17:29:28,63174.3,-5410.23,99.54,8,0.0
2026-09-19 17:30:50,63168.39,-5410.23,93.63,8,0.0
2026-09-19 17:32:10,63168.39,-5410.23,93.63,8,0.0
2026-09-19 17:33:34,63186.13,-5410.23,111.37,8,0.0
2026-09-19 17:34:56,63186.13,-5410.23,111.37,8,0.0
2026-09-19 17:36:20,63186.13,-5410.23,111.37,8,0.0
2026-09-19 17:37:45,63186.13,-5410.23,111.37,8,0.0
2026-09-19 17:39:09,63159.51,-5410.23,84.75,8,0.0
2026-09-19 17:40:31,63159.34,-5410.23,84.58,8,0.0
2026-09-19 17:41:54,63152.49,-5410.23,77.73,8,0.0
2026-09-19 17:43:15,63158.24,-5410.23,83.48,8,0.0
2026-09-19 17:44:36,63125.84,-5410.23,51.08,8,0.0
2026-09-19 17:46:00,63135.35,-5410.23,60.59,8,0.0
2026-09-19 17:47:22,63135.35,-5410.23,60.59,8,0.0
2026-09-19 17:48:46,63136.48,-5410.23,61.72,8,0.0
2026-09-19 17:50:10,63136.48,-5410.23,61.72,8,0.0
2026-09-19 17:51:32,63136.48,-5410.23,61.72,8,0.0
2026-09-19 17:52:55,63136.48,-5410.23,61.72,8,0.0
2026-09-19 17:54:20,63137.58,-5410.23,62.82,8,0.0
2026-09-19 17:56:45,63137.58,-5410.23,62.82,8,0.0
2026-09-19 17:58:09,63137.58,-5410.23,62.82,8,0.0
2026-09-19 17:59:30,63137.58,-5410.23,62.82,8,0.0
2026-09-19 18:00:52,63125.26,-5410.23,50.5,8,0.0
2026-09-19 18:02:14,63125.87,-5410.23,51.11,8,0.0
2026-09-19 18:03:39,63125.81,-5410.23,51.05,8,0.0
2026-09-19 18:05:01,63125.81,-5410.23,51.05,8,0.0
2026-09-19 18:06:24,63125.81,-5410.23,51.05,8,0.0
2026-09-19 18:07:44,63126.74,-5410.23,51.98,8,0.0
2026-09-19 18:09:07,63124.94,-5410.23,50.18,8,0.0
2026-09-19 18:10:30,63124.6,-5410.23,49.84,8,0.0
2026-09-19 18:11:54,63124.6,-5410.23,49.84,8,0.0
2026-09-19 18:13:17,63124.6,-5410.23,49.84,8,0.0
2026-09-19 18:14:41,63109.06,-5410.23,34.3,8,0.0
2026-09-19 18:16:05,63096.53,-5410.23,21.77,8,0.0
2026-09-19 18:17:29,63099.24,-5410.23,24.48,8,0.0
2026-09-19 18:18:54,63099.24,-5410.23,24.48,8,0.0
2026-09-19 18:20:20,63099.24,-5410.23,24.48,8,0.0
2026-09-19 18:21:43,63100.29,-5410.23,25.53,8,0.0
2026-09-19 18:24:08,63100.29,-5410.23,25.53,8,0.0
2026-09-19 18:25:31,63100.93,-5410.23,26.17,8,0.0
2026-09-19 18:26:55,63100.93,-5410.23,26.17,8,0.0
2026-09-19 18:29:21,63097.67,-5410.23,22.91,8,0.0
2026-09-19 18:30:45,63097.16,-5410.23,22.4,8,0.0
2026-09-19 18:32:09,63097.16,-5410.23,22.4,8,0.0
2026-09-19 18:33:32,63097.16,-5410.23,22.4,8,0.0
2026-09-19 18:34:57,63097.16,-5410.23,22.4,8,0.0
2026-09-19 18:36:21,63097.16,-5410.23,22.4,8,0.0
2026-09-19 18:37:46,63097.16,-5410.23,22.4,8,0.0
2026-09-19 18:39:10,63097.16,-5410.23,22.4,8,0.0
2026-09-19 18:40:35,63097.16,-5410.23,22.4,8,0.0
2026-09-19 18:41:59,63097.16,-5410.23,22.4,8,0.0
2026-09-19 18:43:23,63097.16,-5410.23,22.4,8,0.0
2026-09-19 18:44:48,63097.16,-5410.23,22.4,8,0.0
2026-09-19 18:46:11,63098.86,-5410.23,24.1,8,0.0
2026-09-19 18:47:34,63098.65,-5410.23,23.89,8,0.0
2026-09-19 18:48:58,63098.65,-5410.23,23.89,8,0.0
2026-09-19 18:50:20,63098.65,-5410.23,23.89,8,0.0
2026-09-19 18:51:44,63094.86,-5410.23,20.1,8,0.0
2026-09-19 18:53:07,63096.16,-5410.23,21.4,8,0.0
2026-09-19 18:54:30,63096.16,-5410.23,21.4,8,0.0
2026-09-19 18:55:52,63096.16,-5410.23,21.4,8,0.0
2026-09-19 18:57:14,63105.16,-5410.23,30.4,8,0.0
2026-09-19 18:58:38,63118.15,-5410.23,43.39,8,0.0
2026-09-19 19:00:00,63118.15,-5410.23,43.39,8,0.0
2026-09-19 19:01:23,63118.15,-5410.23,43.39,8,0.0
2026-09-19 19:02:46,63118.36,-5410.23,43.6,8,0.0
2026-09-19 19:04:09,63125.87,-5410.23,51.11,8,0.0
2026-09-19 19:05:32,63125.87,-5410.23,51.11,8,0.0
2026-09-19 19:06:57,63126.2,-5410.23,51.44,8,0.0
2026-09-19 19:08:20,63126.2,-5410.23,51.44,8,0.0
2026-09-19 19:09:45,63126.2,-5410.23,51.44,8,0.0
2026-09-19 19:11:10,63126.2,-5410.23,51.44,8,0.0
2026-09-19 19:12:33,63126.2,-5410.23,51.44,8,0.0
2026-09-19 19:13:56,63126.2,-5410.23,51.44,8,0.0
2026-09-19 19:15:17,63123.6,-5410.23,48.84,8,0.0
2026-09-19 19:16:41,63123.6,-5410.23,48.84,8,0.0
2026-09-19 19:19:06,63123.6,-5410.23,48.84,8,0.0
2026-09-19 19:20:30,63108.57,-5410.23,33.81,8,0.0
2026-09-19 19:21:54,63113.96,-5410.23,39.2,8,0.0
2026-09-19 19:23:12,63113.96,-5410.23,39.2,8,0.0
2026-09-19 19:24:35,63113.96,-5410.23,39.2,8,0.0
2026-09-19 19:27:01,63113.96,-5410.23,39.2,8,0.0
2026-09-19 19:28:26,63113.96,-5410.23,39.2,8,0.0
2026-09-19 19:30:51,63112.12,-5410.23,37.36,8,0.0
2026-09-19 19:32:17,63111.6,-5410.23,36.84,8,0.0
2026-09-19 19:33:39,63112.04,-5410.23,37.28,8,0.0
2026-09-19 19:36:06,63110.7,-5410.23,35.94,8,0.0
2026-09-19 19:37:29,63110.7,-5410.23,35.94,8,0.0
2026-09-19 19:38:54,63110.7,-5410.23,35.94,8,0.0
2026-09-19 19:40:17,63109.69,-5410.23,34.93,8,0.0
2026-09-19 19:41:41,63131.52,-5410.23,56.76,8,0.0
2026-09-19 19:43:04,63131.52,-5410.23,56.76,8,0.0
2026-09-19 19:45:28,63131.52,-5410.23,56.76,8,0.0
2026-09-19 19:46:50,63131.51,-5410.23,56.75,8,0.0
2026-09-19 19:48:14,63131.51,-5410.23,56.75,8,0.0
2026-09-19 19:49:37,63131.51,-5410.23,56.75,8,0.0
2026-09-19 19:51:00,63131.51,-5410.23,56.75,8,0.0
2026-09-19 19:52:22,63131.51,-5410.23,56.75,8,0.0
2026-09-19 19:53:47,63133.38,-5410.23,58.62,8,0.0
2026-09-19 19:55:07,63133.38,-5410.23,58.62,8,0.0
2026-09-19 19:56:30,63132.81,-5410.23,58.05,8,0.0
2026-09-19 19:57:53,63132.81,-5410.23,58.05,8,0.0
2026-09-19 19:59:14,63132.81,-5410.23,58.05,8,0.0
2026-09-19 20:00:37,63143.66,-5410.23,68.9,8,0.0
2026-09-19 20:02:08,63143.66,-5410.23,68.9,8,0.0
2026-09-19 20:03:32,63131.08,-5410.23,56.32,8,0.0
2026-09-19 20:04:54,63131.08,-5410.23,56.32,8,0.0
2026-09-19 20:06:18,63131.08,-5410.23,56.32,8,0.0
2026-09-19 20:07:41,63124.55,-5410.23,49.79,8,0.0
2026-09-19 20:09:04,63124.55,-5410.23,49.79,8,0.0
2026-09-19 20:10:28,63127.95,-5410.23,53.19,8,0.0
2026-09-19 20:11:48,63127.95,-5410.23,53.19,8,0.0
2026-09-19 20:13:09,63127.95,-5410.23,53.19,8,0.0
2026-09-19 20:14:33,63126.59,-5410.23,51.83,8,0.0
2026-09-19 20:15:58,63126.59,-5410.23,51.83,8,0.0
2026-09-19 20:17:21,63126.59,-5410.23,51.83,8,0.0
2026-09-19 20:18:45,63126.59,-5410.23,51.83,8,0.0
2026-09-19 20:20:07,63056.52,-5410.23,-18.24,8,0.0
2026-09-19 20:22:33,63067.46,-5410.23,-7.3,8,0.0
2026-09-19 20:23:56,63067.46,-5410.23,-7.3,8,0.0
2026-09-19 20:25:20,63068.82,-5410.23,-5.94,8,0.0
2026-09-19 20:26:43,63068.82,-5410.23,-5.94,8,0.0
2026-09-19 20:28:08,63068.82,-5410.23,-5.94,8,0.0
2026-09-19 20:29:30,63066.52,-5410.23,-8.24,8,0.0
2026-09-19 20:30:52,63065.59,-5410.23,-9.17,8,0.0
2026-09-19 20:32:15,63065.59,-5410.23,-9.17,8,0.0
2026-09-19 20:33:38,63065.59,-5410.23,-9.17,8,0.0
2026-09-19 20:34:58,63065.59,-5410.23,-9.17,8,0.0
2026-09-19 20:36:22,63065.59,-5410.23,-9.17,8,0.0
2026-09-19 20:37:44,63065.59,-5410.23,-9.17,8,0.0
2026-09-19 20:39:04,63065.59,-5410.23,-9.17,8,0.0
2026-09-19 20:40:26,63066.76,-5410.23,-8.0,8,0.0
2026-09-19 20:41:49,63066.76,-5410.23,-8.0,8,0.0
2026-09-19 20:43:12,63066.76,-5410.23,-8.0,8,0.0
2026-09-19 20:45:37,63066.76,-5410.23,-8.0,8,0.0
2026-09-19 20:47:00,63067.14,-5410.23,-7.62,8,0.0
2026-09-19 20:48:22,63067.14,-5410.23,-7.62,8,0.0
2026-09-19 20:49:45,63067.14,-5410.23,-7.62,8,0.0
2026-09-19 20:51:07,63067.14,-5410.23,-7.62,8,0.0
2026-09-19 20:52:31,63072.07,-5410.23,-2.69,8,0.0
2026-09-19 20:53:54,63072.07,-5410.23,-2.69,8,0.0
2026-09-19 20:55:15,63067.08,-5410.23,-7.68,8,0.0
2026-09-19 20:56:37,63065.84,-5410.23,-8.92,8,0.0
2026-09-19 20:58:02,63065.23,-5410.23,-9.53,8,0.0
2026-09-19 20:59:23,63064.89,-5410.23,-9.87,8,0.0
2026-09-19 21:00:46,63067.9,-5410.23,-6.86,8,0.0
2026-09-19 21:02:08,63067.9,-5410.23,-6.86,8,0.0
2026-09-19 21:03:33,63067.9,-5410.23,-6.86,8,0.0
2026-09-19 21:04:54,63067.9,-5410.23,-6.86,8,0.0
2026-09-19 21:06:16,63067.9,-5410.23,-6.86,8,0.0
2026-09-19 21:08:38,63067.9,-5410.23,-6.86,8,0.0
2026-09-19 21:10:01,63067.9,-5410.23,-6.86,8,0.0
2026-09-19 21:11:23,63052.77,-5410.23,-21.99,8,0.0
2026-09-19 21:12:44,63030.42,-5410.23,-44.34,8,0.0
2026-09-19 21:14:05,63017.83,-5410.23,-56.93,8,0.0
2026-09-19 21:15:26,63015.18,-5410.23,-59.58,8,0.0
2026-09-19 22:15:41,62955.32,-5475.46,-54.21,7,-54.07
2026-09-19 23:15:55,62976.53,-5475.46,-33.0,7,-54.07
2026-09-20 00:16:10,63058.77,-5481.28,55.06,8,0.0
2026-09-20 01:16:23,63097.65,-5384.01,-3.33,7,118.96
2026-09-20 02:16:39,63064.14,-5384.0,-36.85,7,118.96
2026-09-20 03:17:01,62904.74,-5546.82,-33.43,7,-8.93
2026-09-20 04:17:17,62957.83,-5553.11,25.95,8,-8.93
2026-09-20 05:17:31,62953.7,-5551.49,20.2,8,-8.93
2026-09-20 06:17:46,62986.75,-5553.11,54.87,8,-8.93
2026-09-20 07:18:01,62985.65,-5553.1,53.76,8,-8.93
2026-09-20 07:23:22,62988.48,-5553.11,56.6,8,0.0
2026-09-20 07:24:41,62987.95,-5553.1,56.06,8,0.0
2026-09-20 07:26:00,62987.95,-5553.1,56.06,8,0.0
2026-09-20 07:27:19,62990.3,-5553.1,58.41,8,0.0
2026-09-20 07:28:38,63006.46,-5553.11,74.58,8,0.0
2026-09-20 07:30:07,63008.24,-5553.1,76.35,8,0.0
2026-09-20 07:38:41,62976.55,-5553.11,44.67,8,0.0
2026-09-20 07:40:08,62968.64,-5553.11,36.76,8,0.0
2026-09-20 07:42:20,62930.45,-5553.1,-1.44,8,0.0
2026-09-20 07:43:31,62930.89,-5553.11,-0.99,8,0.0
2026-09-20 07:45:44,62921.27,-5553.11,-10.61,8,0.0
2026-09-20 08:45:57,62929.85,-5553.1,-2.04,8,0.0
2026-09-20 09:46:11,63018.2,-5553.11,86.32,8,0.0
2026-09-20 10:46:27,62981.87,-5467.1,-36.02,7,108.12
2026-09-20 11:46:41,63017.56,-5473.41,5.98,8,108.12
2026-09-20 12:46:54,63010.84,-5473.4,-0.75,8,108.12
2026-09-20 13:47:09,63017.59,-5473.41,6.01,8,108.12
2026-09-20 14:47:23,63034.73,-5473.41,23.15,8,108.12
2026-09-20 15:47:38,63075.75,-5473.41,64.17,8,108.12
2026-09-20 16:47:52,63212.2,-5473.4,200.61,8,108.12
2026-09-20 17:48:04,63198.02,-5473.41,186.44,8,108.12
2026-09-20 18:48:19,63179.52,-5473.4,167.93,8,108.12
2026-09-20 19:48:33,63204.42,-5473.4,192.83,8,108.12
2026-09-20 20:48:50,63187.49,-5392.6,95.1,7,202.66
2026-09-20 21:49:03,63182.9,-5397.84,95.75,8,202.66
2026-09-20 22:49:17,63215.07,-5397.84,127.92,8,202.66
2026-09-20 23:49:30,63270.12,-5397.84,182.97,8,202.66
2026-09-21 00:49:44,63455.42,-5316.22,286.65,8,100.34
2026-09-21 01:49:56,63401.07,-5316.21,232.29,8,100.34
2026-09-21 02:50:12,63360.3,-5316.22,191.53,8,100.34
2026-09-21 03:50:26,63379.52,-5316.22,210.75,8,100.34
2026-09-21 04:12:20,63376.46,-5316.22,207.69,8,0.0
2026-09-21 04:14:38,63376.98,-5316.21,208.2,8,0.0
2026-09-21 04:16:55,63376.02,-5316.21,207.24,8,0.0
2026-09-21 04:18:11,63376.88,-5316.22,208.11,8,0.0
2026-09-21 04:19:33,63375.87,-5316.21,207.09,8,0.0
2026-09-21 04:20:52,63376.17,-5316.22,207.4,8,0.0
2026-09-21 04:22:13,63376.01,-5316.21,207.23,8,0.0
2026-09-21 04:23:30,63376.1,-5316.21,207.32,8,0.0
2026-09-21 04:24:51,63376.1,-5316.21,207.32,8,0.0
2026-09-21 04:26:14,63376.1,-5316.21,207.32,8,0.0
2026-09-21 04:27:25,63374.87,-5316.21,206.09,8,0.0
2026-09-21 05:27:39,63422.11,-5141.8,78.92,6,199.81
2026-09-21 06:20:40,63333.74,-5148.14,-3.11,7,0.0
2026-09-21 06:22:56,63334.23,-5148.14,-2.62,7,0.0
2026-09-21 06:25:11,63334.99,-5148.14,-1.86,7,0.0
2026-09-21 06:27:38,63368.65,-5148.14,31.8,7,0.0
2026-09-21 06:28:51,63369.94,-5148.14,33.09,7,0.0
2026-09-21 06:30:01,63369.94,-5148.14,33.09,7,0.0
2026-09-21 07:00:15,63329.5,-5217.38,61.89,6,0.0
2026-09-21 07:02:38,63330.17,-5217.38,62.56,6,0.0
2026-09-21 07:03:58,63331.64,-5217.38,64.03,6,0.0
2026-09-21 07:05:09,63330.18,-5217.38,62.57,6,0.0
2026-09-21 08:05:21,63327.14,-5217.38,59.53,6,0.0
2026-09-21 09:05:33,63510.56,-5123.22,148.79,5,95.4
2026-09-21 10:05:52,63529.35,-5033.82,78.18,4,194.35
2026-09-21 11:06:13,63525.49,-5033.83,74.33,4,194.35
2026-09-21 12:06:28,63540.69,-5033.86,89.56,4,194.35
2026-09-21 13:06:46,63513.34,-5040.65,69.0,5,194.35
2026-09-21 14:07:06,63374.48,-5053.51,-57.0,8,194.35
2026-09-21 15:07:10,63290.46,-5053.36,-141.17,8,194.35
2026-09-21 16:07:56,63320.36,-5052.59,-112.04,8,194.35
2026-09-21 17:08:37,63347.0,-4952.61,-185.38,8,295.72
2026-09-21 18:09:15,63348.24,-4951.89,-184.86,8,295.72
2026-09-21 19:09:54,63306.12,-4952.34,-226.53,8,295.72
2026-09-21 20:10:31,63418.0,-4952.39,-114.6,8,295.72
2026-09-21 21:10:45,63431.86,-4952.4,-100.73,8,295.72
2026-09-21 22:11:00,63448.47,-4952.4,-84.12,8,295.72
2026-09-21 23:11:13,63502.71,-4952.4,-29.88,8,295.72
2026-09-22 00:11:27,63432.99,-4952.4,-99.6,8,0.0
2026-09-22 01:11:40,63401.94,-4952.4,-130.65,8,0.0
2026-09-22 02:11:56,63339.28,-4952.4,-193.31,8,94.74
2026-09-22 03:12:08,63336.29,-4952.4,-196.3,8,94.74
2026-09-22 04:12:22,63336.01,-4952.4,-196.58,8,94.74
2026-09-22 05:12:37,63134.5,-4958.73,-391.76,9,94.74
2026-09-22 06:12:53,63206.18,-4958.73,-320.08,9,94.74
2026-09-22 06:21:20,63197.29,-4958.73,-328.97,9,0.0
2026-09-22 06:24:37,63136.18,-5426.43,77.62,6,0.0
2026-09-22 06:27:54,63134.16,-5426.43,75.6,6,0.0
2026-09-22 06:30:10,63132.82,-5426.43,74.26,6,0.0
2026-09-22 06:32:24,63132.73,-5426.43,74.17,6,0.0
2026-09-22 06:35:40,63146.2,-5426.43,87.64,6,0.0
2026-09-22 06:37:55,63146.2,-5426.43,87.64,6,0.0
2026-09-22 07:37:10,63133.45,-5426.43,74.89,6,0.0
2026-09-22 07:39:24,63132.63,-5426.42,74.06,6,0.0
2026-09-22 07:41:39,63132.63,-5426.42,74.06,6,0.0
2026-09-22 07:43:53,63136.03,-5426.42,77.46,6,0.0
2026-09-22 07:46:08,63136.03,-5426.42,77.46,6,0.0
2026-09-22 07:49:24,63135.12,-5426.42,76.55,6,0.0
2026-09-22 07:51:39,63135.12,-5426.42,76.55,6,0.0
2026-09-22 07:54:55,63134.94,-5426.43,76.38,6,0.0
2026-09-22 07:57:08,63136.28,-5426.43,77.72,6,0.0
2026-09-22 07:59:23,63134.22,-5426.42,75.65,6,0.0
2026-09-22 08:02:40,63135.05,-5426.43,76.49,6,0.0
2026-09-22 08:04:54,63113.05,-5426.43,54.49,6,0.0
2026-09-22 08:07:09,63123.39,-5426.42,64.82,6,0.0
2026-09-22 08:09:23,63112.23,-5426.43,53.67,6,0.0
2026-09-22 08:11:37,63113.38,-5426.43,54.82,6,0.0
2026-09-22 08:14:54,63108.19,-5426.43,49.63,6,0.0
2026-09-22 08:18:09,63096.14,-5426.43,37.58,6,0.0
2026-09-22 08:20:24,63086.74,-5426.42,28.17,6,0.0
2026-09-22 08:22:39,63089.88,-5426.43,31.32,6,0.0
2026-09-22 08:24:53,63089.76,-5426.42,31.19,6,0.0
2026-09-22 08:27:09,63090.67,-5426.42,32.1,6,0.0
2026-09-22 08:29:24,63088.69,-5426.43,30.13,6,0.0
2026-09-22 08:31:37,63083.65,-5426.51,25.17,6,0.0
2026-09-22 08:33:51,63082.7,-5426.43,24.14,6,0.0
2026-09-22 08:35:03,63091.49,-5426.43,32.93,6,0.0
2026-09-22 08:36:14,63096.89,-5426.43,38.33,6,0.0
2026-09-22 08:40:32,63109.81,-5426.42,51.24,6,0.0
2026-09-22 08:42:48,63121.22,-5426.43,62.66,6,0.0
2026-09-22 08:45:02,63129.17,-5426.42,70.6,6,0.0
2026-09-22 08:47:17,63127.2,-5426.43,68.64,6,0.0
2026-09-22 08:49:31,63133.62,-5426.43,75.06,6,0.0
2026-09-22 08:51:45,63149.81,-5426.43,91.25,6,0.0
2026-09-22 08:53:59,63157.8,-5426.42,99.23,6,0.0
2026-09-22 08:56:14,63154.19,-5426.42,95.62,6,0.0
2026-09-22 08:58:28,63153.49,-5426.43,94.93,6,0.0
2026-09-22 09:00:42,63155.78,-5426.43,97.22,6,0.0
2026-09-22 09:03:59,63150.0,-5426.42,91.43,6,0.0
2026-09-22 09:07:15,63142.68,-5426.42,84.11,6,0.0
2026-09-22 09:09:28,63146.85,-5426.42,88.28,6,0.0
2026-09-22 09:11:43,63140.09,-5426.42,81.52,6,0.0
2026-09-22 09:13:56,63144.65,-5426.43,86.09,6,0.0
2026-09-22 09:16:11,63150.47,-5426.43,91.91,6,0.0
2026-09-22 09:17:22,63148.09,-5426.43,89.53,6,0.0
2026-09-22 09:20:37,63150.14,-5426.43,91.58,6,0.0
2026-09-22 09:22:51,63149.22,-5426.43,90.66,6,0.0
2026-09-22 09:25:07,63147.44,-5426.42,88.87,6,0.0
2026-09-22 09:27:22,63153.65,-5426.43,95.09,6,0.0
2026-09-22 09:29:36,63155.78,-5426.42,97.21,6,0.0
2026-09-22 09:31:52,63148.63,-5426.43,90.07,6,0.0
2026-09-22 09:35:12,63158.29,-5426.43,99.73,6,0.0
2026-09-22 09:37:27,63156.51,-5426.43,97.95,6,0.0
2026-09-22 09:38:59,63156.76,-5426.42,98.19,6,0.0
2026-09-22 09:44:19,63164.49,-5426.43,105.93,6,0.0
2026-09-22 09:48:41,63161.5,-5426.42,102.93,6,0.0
2026-09-22 09:53:01,63177.09,-5426.42,118.52,6,0.0
2026-09-22 09:57:20,63181.79,-5426.42,123.22,6,0.0
2026-09-22 10:02:42,63183.95,-5426.43,125.39,6,0.0
2026-09-22 10:06:59,63182.96,-5426.43,124.4,6,0.0
2026-09-22 10:10:19,63180.85,-5426.43,122.29,6,0.0
2026-09-22 10:15:43,63174.94,-5426.42,116.37,6,0.0
2026-09-22 10:19:03,63174.22,-5426.43,115.66,6,0.0
2026-09-22 10:22:24,63177.91,-5426.43,119.35,6,0.0
2026-09-22 10:24:42,63172.7,-5426.43,114.14,6,0.0
2026-09-22 10:25:53,63171.15,-5426.43,112.59,6,0.0
2026-09-22 11:02:20,63172.21,-5426.42,113.64,6,0.0
2026-09-22 14:08:16,63105.76,-5350.98,-28.25,5,0.0
2026-09-22 14:11:09,63114.31,-5351.16,-19.52,5,0.0
2026-09-22 14:14:59,63117.65,-5350.72,-16.62,6,0.0
2026-09-22 14:17:38,63088.4,-5351.35,-45.24,8,0.0
2026-09-22 14:19:03,63083.98,-5350.65,-50.36,8,0.0
2026-09-22 14:20:23,63083.41,-5351.48,-50.1,8,0.0
2026-09-22 15:20:33,63026.77,-5478.46,20.24,8,-124.8
2026-09-22 16:21:43,63021.44,-5477.76,14.21,8,-124.8
2026-09-22 17:22:52,63019.41,-5477.76,12.18,8,-124.8
2026-09-22 18:23:31,63080.74,-5477.58,73.33,8,-124.8
2026-09-22 19:23:52,63039.86,-5527.44,82.31,8,-173.93
2026-09-22 20:24:20,63001.8,-5572.0,88.81,6,-217.76
2026-09-22 21:24:40,63000.04,-5578.31,93.36,7,-217.76
2026-09-22 22:25:00,62984.02,-5584.62,83.65,8,-217.76
2026-09-22 23:25:18,63052.1,-5584.61,151.72,8,-217.76
2026-09-23 00:25:34,63080.48,-5584.62,180.11,8,0.0
2026-09-23 01:25:49,63109.54,-5584.62,209.17,8,0.0
2026-09-23 02:26:06,63037.5,-5584.62,137.13,8,0.0
2026-09-23 03:26:21,63140.68,-5584.61,240.3,8,0.0
2026-09-23 03:49:19,63183.41,-5584.62,283.04,8,0.0
2026-09-23 03:51:32,63185.68,-5584.62,285.31,8,0.0
2026-09-23 03:53:46,63176.59,-5584.62,276.22,8,0.0
2026-09-23 03:55:59,63177.23,-5584.62,276.86,8,0.0
2026-09-23 03:58:13,63174.8,-5584.62,274.43,8,0.0
2026-09-23 04:00:26,63171.52,-5584.62,271.15,8,0.0
2026-09-23 05:00:44,63177.45,-5487.15,179.61,8,127.94
2026-09-23 06:01:02,63055.97,-5487.14,58.12,8,127.94
2026-09-23 07:01:33,63092.73,-5487.14,94.88,8,127.94
2026-09-23 08:02:10,63042.41,-12740.03,7297.45,7,127.94
2026-09-23 09:02:26,62927.02,-12766.8,7208.83,7,127.94
2026-09-23 10:02:41,62920.53,-12768.77,7204.31,7,127.94
2026-09-23 11:02:58,62902.54,-12770.36,7187.91,7,127.94
2026-09-23 12:03:14,62843.49,-12777.48,7135.98,7,127.94
2026-09-23 13:03:31,62830.68,-12783.0,7128.69,7,127.94
2026-09-23 14:04:03,62788.92,-5593.0,-103.07,7,31.13
2026-09-23 15:05:13,62464.36,-6056.91,36.28,6,-414.2
2026-09-23 16:06:19,62471.76,-6038.43,25.2,8,-393.03
2026-09-23 17:06:32,62472.42,-6061.83,49.26,8,-416.27
2026-09-23 18:06:58,62436.79,-6061.88,13.68,8,-416.27
2026-09-23 19:07:15,62434.28,-6061.87,11.16,8,-416.27
2026-09-23 20:07:25,62431.14,-6061.9,8.05,8,-416.27
2026-09-23 21:07:50,62458.42,-6061.89,35.32,8,-416.27
2026-09-23 22:08:14,62432.19,-6061.89,9.09,8,-416.27
2026-09-23 23:08:34,62454.48,-6061.89,31.38,8,-416.27
2026-09-24 00:08:53,62448.55,-6061.89,25.45,8,0.0
2026-09-24 01:09:11,62440.16,-6061.9,17.07,8,0.0
2026-09-24 02:09:29,62433.17,-6061.89,10.07,8,0.0
2026-09-24 03:09:46,62464.25,-6061.89,41.15,8,0.0
2026-09-24 04:10:10,62443.56,-6061.89,20.46,8,-1.64
2026-09-24 05:10:28,62428.47,-6061.89,5.37,8,-1.64
2026-09-24 06:10:44,62438.72,-6061.89,15.62,8,-1.64
2026-09-24 07:11:14,62459.5,-6061.89,36.4,8,-1.64
2026-09-24 08:11:31,62452.78,-6061.89,29.68,8,-33.16
2026-09-24 09:11:48,62467.24,-6068.16,50.41,9,-8.46
2026-09-24 10:12:05,62390.77,-6068.16,-26.06,9,-8.46
2026-09-24 11:12:24,62405.01,-6068.16,-11.82,9,-8.46
2026-09-24 12:12:42,62348.8,-6068.15,-68.04,9,-8.46
2026-09-24 13:13:04,62454.72,-6080.64,50.37,11,-8.46
2026-09-24 14:05:56,62652.54,-6080.92,248.47,7,0.0
2026-09-24 14:08:33,62687.95,-6081.34,284.3,7,0.0
2026-09-24 14:11:06,62683.77,-6081.26,280.04,7,0.0
2026-09-24 14:13:45,62722.84,-6081.47,319.32,8,0.0
2026-09-24 14:17:39,62747.81,-5882.26,145.08,7,0.0
2026-09-24 14:20:33,62746.29,-5882.31,143.61,7,0.0
2026-09-24 14:23:33,62753.67,-5882.12,150.8,8,0.0
2026-09-24 14:26:29,62760.63,-5882.28,157.92,8,0.0
2026-09-24 14:27:50,62764.2,-5882.12,161.33,8,0.0
2026-09-24 15:28:31,62848.8,-5701.38,65.19,8,223.66
2026-09-24 16:28:59,62692.05,-5735.18,-57.76,8,191.76
2026-09-24 17:29:13,62645.79,-5786.63,-52.57,7,139.23
2026-09-24 18:30:08,62582.76,-5791.99,-110.24,8,139.23
2026-09-24 19:31:23,62595.96,-5792.9,-96.13,8,139.23
2026-09-24 20:32:25,62566.39,-5792.83,-125.77,8,139.23
2026-09-24 21:32:48,62606.15,-5792.83,-86.01,8,139.23
2026-09-24 22:33:08,62547.44,-5792.83,-144.72,8,139.23
